Mine/Prospect,Project Name,Mining Method,Co-Producing Materials,Existing Mine,Status of Project,Regulatory Challenges ,County,Nearest Population Center,Population Size,Additional Location Information,Mining District,Mineral Occurrence,Lead Developer,Location of Lead Developer HQ,Lead Developer Website,Parent Company,Location of Parent Company HQ,Was There Change in Ownership during Project?,Planned Production Capacity (Thousands of Tons/Year),"Planned Lifespan of Mine 
(Years)",Processing Plan in US,Processing Done by the Same Lead Developer/Parent Company,"Total Capital Costs
 (Millions of Dollars)",Number of Federal Awards,Financial Support by Federal Agency,Year Granted,Grant/Loan,"Amount 
(Millions of Dollars)",Purpose of Support,Public Supply Agreement w/ an Automaker or Battery/Component Producer,Type of Land,Public Land Ownership,Year of Land Acquisition,Evidence of Litigation,Number of Cases,State and/or Federal,Court Rulings Issued,Level of Court,Link to Judicial Decision
American Pacific Palmer,,,,,"Over $100 million has been invested in mineral exploration, geotechnical, and environmental studies at Palmer.  The focus of the current drilling programs (2022 – 2024) has been limited to the Palmer Deposit SW and RW Zones, which form the major portion of the current known mineralization at the Project.  The mineral estimates were updated in January 2025. ",,Mantanuska - Susnita Borough (Alaska does not have counties).,,,"The Property is located 37 miles northwest from Haines, southeast Alaska, in the Alaska panhandle. The western boundary of Palmer is coincident with the British Columbia Province of Canada and the international border. The Property lies 1-2 miles from the Haines Highway, which links the project to the deep-sea port of Haines. The Palmer project would sit in the watershed of the Chilkat River,  The Palmer Project is a copper, zinc, gold, silver and barite deposit that sits above Glacier Creek, which is a tributary to the Klehini and Chilkat rivers. The Tlingit village of Klukwan sits about 15 miles downstream from the mine at the confluence of the Chilkat and Klehini rivers.                                                                                                                                                                               ",,,,,,,,"In a deal announced in 2024,  Dowa Metals and Mining, a Japanese company, will give up its roughly 70% interest in the Palmer Project. Taking over is American Pacific Mining Corp., a small Canadian company (junior miner). It’s set to take full ownership of the project, up from its current 30% minority stake.",,,,,,,,,,,,,,,,,,,,,
Angel Island,"Name of Project was changed from Clayton Valley Project to Angel Island Mine to distinguish from other Clayton Valley developments
","Will extract lithium from sedimentary clay, similar to Thacker Pass and Rhyolite Ridge; will use hydrochloric acid instead of sulphuric acid as the solvent.",,,"Since the completion of a Feasibility Study of Angel Island in April 2024, the developer’s attention has been on process optimization to drive reductions in the Project’s estimated capital and operating costs, environmental studies and permitting, and Project funding. ",Conflict over water rights in the water-stressed area.  ,,,," Located in west-central Nevada (219 miles southeast of Reno and 206 miles northwest of Las Vegas), immediately east of Albemarle’s active Silver Peak lithium mine. The town of Silver Peak is 6 miles west, Goldfield is 24 miles east, Tonopah is 41 miles northeast.",,, Name of developer was changed from Cypress Development Corporation to Century Lithium Corporation in 2023.,,,,,,,,,"Yes, at a facility 125 miles south.  Metallurgical testing on Project material indicates low-cost processing can be achieved with conventional tank leaching and counter current decantation, resulting in low acid consumption and high lithium recovery of over 85% of total lithium. Lithium extraction facility at del Sol Refining in Amargosa Valley, Nevada. The operation of the Pilot Plant provided essential data for the Feasibility Study; Employs a hydrochloric acid leaching process combined with Onyx's 2021-acquired ion exchange DLP technology and Saltworks Technologies' refining process to produce high-purity 99.94% LCE, exceeding battery-grade standards.",,,,,,,,,,"5,845 acres of BLM.",,,,,,,
Arctic,"
 
"," An open pit mine that will include infrastructure such as a tailings management facility, a waste rock facility, a tailings dam, a waste rock collection pond, multiple water treatment plants, a mill facility, a crusher facility, an ore stockpile building, and a concentrate  facility. ",,"No previous mining but exploratory drilling at the Arctic deposit and within the Ambler Mining District has been ongoing since its discovery in 1966. Approximately 67,639 meters of drilling was completed within the Ambler Mining District, including 55,038 meters of drilling in 285 drill holes at the Arctic deposit or on potential extensions. Drill programs were completed by Kennecott and its subsidiaries, Anaconda, NovaGold, Trilogy and Ambler Metals. ","The public debate has focused on the proposed Ambler Road that is designed to connect the mine to the Dalton Highway. The mining project itself may also be controversial. The 211-mile-long Ambler Road was initially approved under the Trump administration, which issued, through the Army Corps of Engineers and BLM, a 50-year right-of-way permit to build the road just before President Donald Trump left office.  Under the Biden administration, the federal government revised the Trump-era environmental impact assessment, found unacceptable environmental risks, and disallowed the permit. The decision against proceeding with the project was contained in a final supplemental environmental impact statement released by BLM.  In 2025 President Trump issued an executive order calling for the reinstatement of the permit for the Ambler Road. ",,Northwest Arctic Borough of Alaska,,,"Southern Brooks Range of arctic region of Alaska approximately 168 miles east of Kotzebue, 22 miles northeast of Kobuk, 162 miles west of the Dalton Highway; 292 miles northwest of Fairbanks. ",,,,,,"Joint Venture of South 32 Limited (AU) and Trilogy Metals Inc. (CA). NovaGold Resources Inc. acquired the Arctic Project from Kennecott in 2004. In 2011, NovaGold transferred all copper projects to NovaCopper Inc. and in 2012 spun-out NovaCopper to its then existing shareholders. NovaCopper Inc. subsequently underwent a name change to Trilogy Metals Inc. in 2016. The Project is directly held by Ambler Metals LLC in a 50/50 joint venture between South32 and Trilogy Metals (February 2020). Upon the formation of the joint venture, Trilogy Metals contributed all of its Alaskan assets, including the Project , to Ambler Metals in exchange for a 50% membership interest; at the same time, South32 contributed $145 million in cash for a 50% membership interest.",,,"The developer announced the results of an updated Arctic Feasibility Study (FS) on February 14, 2023.  ",,,"The conclusions of test work conducted both in 2012 and 2017 indicate that the Arctic materials are well-suited to the production of high-quality copper and zinc concentrates using flotation techniques, which are industry standard.  The process plant will produce three concentrates: copper concentrate, zinc concentrate, and lead concentrate. ",,,,,,,,,,"The project area consists of 18 federal patented mining claims, which cover an area of approximately 272 acres and 1,341 state mineral claims that cover an area of approximately 114,000 acres. In total, the Project area comprises approximately 114,498 acres of state and federal (BLM) mining claims. ",,"The Tanana Chiefs Conference, which represents 42 villages in interior Alaska, many of which are located near to the proposed Ambler Road, sued the Interior Department in 2020 over its handling of the environmental analysis, arguing that it did not adequately address impacts to their way of life.  This lawsuit was not resolved when the Biden administration took office, and the lawsuit was set aside while the administration revisited the environmental impact statement.",,,,,
Bagdad,,,,,"Mining on site since 1906; The Bagdad copper mine in Arizona (active) is in a feasibility analysis of a plan to double its concentrator capacity, but the urgency of the plan has been removed due to somewhat low copper prices.  The capital costs of the expansion cannot be justified at the current copper prices but higher copper prices would allow the expansion to move forward; The Bagdad mine is expected to be the first with a fully autonomous haulage system as a part of the process of converting its existing manned fleet to 100% autonomous operation.",,,,,"Located just west of the company town of Bagdad (pop 2,661, 2022), 100 miles northwest of Phoenix, Arizona, within the Upper Burro Creek Wilderness area.",,,,,,,,Site was purchased from Boston Consolidated Mining Company in 1989. ,Currently 25% of the current US demand.,,,,,,,,,,,,,,,,,,,,
BAMA,     ,,,,,,,,,"South of Sylacauga, Chilton County. Alabama, northwest of Montgomery, south of Birmingham, southwest of GOOSA Graphite Project.  The Bama Mine Project site is located less than 9 miles from I-65, and less than 1 mile from a major railroad.",,,,,,,,"In December 2017, Westwater Resources Inc acquired Alabama Graphite Corporation. Westwater also agreed to provide Alabama Graphite with a secured loan to remedy Alabama Graphite’s working capital deficit, to pay outstanding payables, and to fund its essential operations until the close of the Acquisition (April 2018).",,,,"Kellyton Graphite Processing Plant (nearby, under construction for $202 million) near Alexander City in Coosa County.  Plan: 7500 metric tons of refined graphite per year.",,,,,,,,,,,,,,,,,
BamaStar,"The BamaStar Project site was previously home to a mine known as the Ceylon Graphite Project, which operated during World War I and World War II.
                                                                                                                                                                                          ",,,,"Plan to be operational by 2027; In November 2024, the developer filed positive results and favorable economics in its Preliminary Economic Assessment; the assessment includes a graphite mine, a concentrate processing facility and a value-add plant for upgrading and transforming the graphite concentrates precursor. ",,,,,"East-central Alabama near Alexander City (pop 14,843, 2020), at the northeast end of the 60-mile Alabama Graphite Belt.  Located 8 miles northeast of Sylacauga (pop 12,578, 2020), 48 miles from Birmingham, and about 225 miles northeast of the major Gulf-of-Mexico port of Mobile, Alabama. ",,,,,,,,"Westwater is focused on battery-grade natural graphite after its acquisition of Alabama Graphite Corp. (AGC) in April 2018. AGC acquired the Project in 2012 based on the geological setting. On April 23, 2018, Westwater acquired a 100% interest in AGC as part of a strategic decision to refocus the Company to supply battery manufacturers with low-cost, high-quality, and high-margin natural graphite products.","The Coosa graphite concentrator facilities are designed to process 90,000 tonnes per year of flotation concentrate product grading 95% Cg.",,,,,,DOD: $3.2 million for feasibility study              ,,,,,,,,,,,,,,
Basin,,,,,"Exploration began in 2018, drilling continues in 2024, east and west basin areas. 8,800 feet of core drilling is planned. Next steps include continuing the environmental assessment process (leading to a PEA), and drilling 52 boreholes.",,,,," Located in west-central Arizona, around 6 miles from the operating Bagdad copper mine.",,,,,,,,,,,,,,,,,,,,,,,,,,,,,
Bear Lodge ,"
",,,,The developer’s goal is to begin mine production in 2029.,"In January 2016 the developer, after almost a decade of work, suspended the NEPA process for the overall project at USFS in the face of concerted opposition from tribal and environmental groups. The developer will need to restart and complete this process to obtain a federal permit for mining. In November 2023 DOE completed the NEPA process to support its financial assistance of the separation and processing demonstration plant.",,,,"2 miles northwest of Sundance, northeast Wyoming, off I-90 in the Northern Black Hills, an isolated mountain range extending from western South Dakota into Wyoming.",,,,,,,,,,,"The developer has a well-developed processing plan at a facility in the nearby town of Upton, Wyoming. A pilot demonstration plant for the new separation and treatment technology will begin in 2025. The plant is partially subsidized by the US Department of Energy.",,,,"In 2024, the grant amount increased from 20 million to 24.2 million, specifically for the processing plant.",,,,,,"The project site is located on a mix of federal (USFS), state and private land; a total of approximately 8,000 acres.",,,,,,,,
Big Sandy ,"
",,,,"The developer experienced a setback in August 2024 when a federal judge ordered an injunction against exploratory drilling while the judge rules on the merits of a lawsuit by the Hualapai Tribe and the nonprofit environmental law organization Earthjustice. The lawsuit challenged BLM's approval of the exploratory drilling, arguing that the project threatens Ha'Kamwe', a medicinal spring recognized as a traditional cultural property. The tribes also argued that BLM failed to consider reasonable, lower-risk options such as approving only 1 or 2 of 3 proposed drill sites, requiring the sites to be located further from sensitive areas, and requiring stricter controls on noise, light, traffic and vibrations. The tribes were also concerned that exploratory drilling might affect aquifers including wildlife, flora, fauna, and gathering areas. On February 17, 2025 the developer announced indefinite delay, cutting the need for more stakeholder input; will give higher priority to a project in Canada.","Unpatented mining claims on the site of the project led to a dispute with another developer that took two years to be fully resolved; the developer was delayed in obtaining a third exploratory permit from BLM due to intense opposition from nearby tribes and others.   The request for the third exploratory program was filed on March 12, 2021.  The public comment period began in April 2021 and was extended twice.  The developer ultimately agreed to several changes to the exploration plan to secure BLM approval in June 2024. The first and second exploratory activities were in 2019, 16 holes covering 1.57 acres and then 37 holes covering 4.98 acres.  The third permit allows 131 holes covering 21 acres over an 18-month period. In late 2024, a federal court issued an injunction against BLM’s approval of exploration (third phase) on the grounds of inadequate consultation with tribal groups and threat to a historical and spiritual site.",,,,"Northern Arizona on Interstate 93 (I-93) near small town of Wikieup, about halfway between Phoenix and Las Vegas.",,,partnered with Navajo Transitional Energy Company- handling operations and permitting process,,,,,,,,Preliminary tests with contractors Hazen Research & KCA to determine feasibility. Using sulphuric acid to extract Li,,,,,,,,,,,,,"In August of 2024, a federal judge overturned the third exploratory drilling plan that was approved by the BLM earlier in June, even though plan was changed extensively to accommodate some tribal concerns. Litigants included EarthJustice and a local tribe. In November of 2024, the US District Court For the District of Arizona ordered that Arizona Lithium cannot continue any work that was previously authorized by BLM’s June 6th or 9th decision letters. The Hualapai Tribe’s request to extend the temporary restraining order into a preliminary injunction was also granted.",,,,,
Bingham Canyon (Kennecott),,,,"One of the largest open-pit copper mines in the world; it began operations in 1906. Since acquiring the Kennecott operations in 1989, Rio Tinto has invested more than $5 billion towards modernisation, environmental upgrades and mine-life extension.","Rio Tinto is expanding the underground portion of the mine with a $920 million investment. Copper production from the underground north rim skarn began in 2024; operations are planned to deliver around 250,000 tons of mined copper over the next 10 years, roughly 25% of US copper consumption.",,,,,"Located near town of Herriman (55,144, 2020), Salt Lake County, Utah. Eastern portion of the Oquirrh Mountains, approximately 16 miles south-west of the Salt Lake City, Utah, US.",,,The company was first formed in 1898 as the Boston Consolidated Mining Company. The current corporation was formed in 1989.,,,,,Rio Tinto acquired the Kennecott operations in 1989.,,,,"Virtually all processing is performed on site. Crushed ore is transported on a 5-mile conveyor and stockpiled at the Concentrator, where it is ground into fine particles. After treatment with air, water, and chemical reagents, the concentrate is transported to a smelter via pipeline.",,,,,,,,,,,,,,,,,
Black Butte,,,,,Development. Mine construction was delayed during years of litigation over the Montana DEQ operating permit.  The developer has not yet announced a timetable for construction after the favorable 2024 decision of the Montana State Supreme Court.,"The developer is managing opposition from several conservation groups and mayors of towns that are downstream of the planned project. In 2018 the developer helped defeat (56% - 44%) a statewide ballot proposition (Montana I-186) that would have restricted permitting for mining projects such as Black Butte. The developer is also managing two sets of multi-year lawsuits against its permits, and both cases reached the Montana Supreme Court.",,,,"Located 17 miles north of White Sulphur Springs (955, 2020), central Montana.",,,,,,,,,,,,,,,,,,,,,,,,"In 2024 the Montana Supreme Court upheld the project's operating permit, reversing the lower court's decision. A separate lawsuit alleged the Montana Department of Environmental Quality should have required more permits for the project's planned usage of groundwater. The Montana Supreme Court heard the case in March 2024 and has not yet released a decision.",,,,,
Black Hills -- Longview Minerals,,,,,The developer began drilling on private land in 2022 and is engaged in expanded diamond core exploratory drilling under permits from the South Dakota Department of Agriculture and Natural Resources.  ,,,,,"Four miles south of Custer (population 1,919, 2020), Custer County, southwestern South Dakota. ",,,,,,,,,,,,,,,,,,,,," The developer controls an expansive footprint of 2,469 federal mineral lode claims, including 33Ha of patented claims and 22,300Ha of BLM claims.  ",,,,,,,,
Black Hills -- Midwest Lithium,Also called South Dakota Lithium Project,,,,"The developer is undertaking exploration geology work preparing for its first drill program, which involves detailed channel sampling, mapping, geochemistry analysis, and target generation.  Midwest Lithium’s projects are located in the Black Hills region, encompassing five key areas, notably Keystone, Hill City, Phelps, Tin Mountain, and Scott’s Rose.","Mining opponents have sought unsuccessfully to classify lithium as hard rock mining, which would impose stricter mining regulations. ",,,,"Near Custer (1,919, 2020), Custer County, southwest South Dakota.  Also ¼ mile south of municipal boundary of Hill City. Hill City is the oldest existing city in Pennington County, South Dakota, United States. The population was 872 at the 2020 census. But as of the 2024 census, the population is now over 1,000. Hill City is located 26 miles (42 km) southwest of Rapid City on U.S. Highway 16 and on U.S. Route 385 that connects Deadwood to Hot Springs.","Visible spodumene and other lithium minerals are easily identified around the Black Hills mining district, which is home to a number of historical mines and some of the first spodumene processing plants worldwide (1890 through World War II), indicating that spodumene in the region can be easily extracted through conventional DMS and flotation methods.  ",,,,,"Armada Metals (Australia), which wholly owns Midwest Lithium (Switzerland/Australia), is undergoing a name change to Rapid Lithium Limited. ",," In October 2024, Armada purchased 100% of Midwest Lithium.  Armada acquired a 100% equity interest in Midwest from its various securityholders in exchange for the issue of 343 million shares, at completion of the transaction representing 50% of Armada’s capital following the recently completed equity raise.",,, Processing is planned to be on-site. ,,,,,,,,,,"The South Dakota lithium project comprises of around 23,500 acres of both Federal and Private Land.",,,,,,,,
Black Hills -- Patriot Lithium,"The Black Hills -- Patriot Lithium project is made up of the Tinton West Project (South Dakota/Wyoming) and the Keystone Project (South Dakota).
",,,"The Etta Mine at Keystone was an important global lithium source in the first half of the 20th century and operated for over 60 years (1898 to 1960). At times it was the main source of spodumene in the world and is famous for its very large (up to >14 m-long) spodumene crystals, the largest known on Earth.","In 2023 the developer began a mapping and sampling program following its recently completed reconnaissance work, which identified areas of high prospectivity for pegmatite-hosted lithium mineralization. The developer’s exploration activities have confirmed that the site, once a lithium mine, is a promising site for lithium development.  Patriot Lithium is expanding exploration at its prospective Black Hills portfolio, which includes the Keystone and Tinton West projects across South Dakota and Wyoming. ",,,,,"Trinton West Project -- The Tinton West Project is situated in the northern Black Hills straddling the boundary between Lawrence County, South Dakota, and Crook County, Wyoming. The Project area is located 18 km southwest of the town of Spearfish (pop 13,282, 2023) and 72 km northwest of Rapid City (pop 74,703, 2020). Of the 69 unpatented lode mining claims at the Tinton West Project, 20 are located in South Dakota (referred to as the TSD Claim Group) and 49 are located in Wyoming (TW Claim Group). All claims are wholly owned by Patriot Lithium; Keystone Project -- The Keystone Project encircles the town of Keystone (pop 240, 2020), Pennington County, a small settlement in the central-eastern Black Hills, approximately 26 km southwest of Rapid City (pop 74,703, 2020), the 2nd largest city in the state of South Dakota. The Keystone Project comprises 255 unpatented lode mining claims in four separate blocks that are held 100% by Patriot Lithium. The claims, referred to as the Key Claim Group, are located on public lands in the Black Hills National Forest of Pennington and Custer counties, South Dakota. ","The Black Hills mining region of South Dakota is perhaps best known for its rich gold deposits like Homestake, where 44Moz was mined over 100 years. But, until recently, most people wouldn’t have been aware of its history as one of the largest producing lithium districts in the world from the late 1800s to the mid to late 1900s. It is not one of those lithium districts previously mined for its tin or tantalum – this was a true lithium mining district. That means the geology and metallurgy is well understood.  It also boasts the largest spodumene crystals (~6% lithium) in the world. How big? The Etta mine — at times the main source of spodumene in the world — yielded the largest (up to 15m long, weighing 90 tonnes) spodumene crystals ever mined. ",,Patriot Lithium (AU) was founded in 2021; Patriot Lithium has secured a binding option agreement to acquire an 80% stake in the Katwaro Copper Project in Zambia from Array Metals and Natural Resources. The move aims to diversify the company’s asset portfolio and provide jurisdictional diversity. The Katwaro Project near Mumbwa encompasses 400ha and features a historical open-pit mine with copper-bearing meta-sediments.,,,,,,,,,,,,,,,,,,,,,,,,,,
Black Hills -- United Lithium,"Also referred to as ""Liberty Lithium Project""
",,,Area was mined for lithium-beryllium during World War 2.,,,,,,"The Project is near Pringle (pop 109, 2020), south of Custer (pop 1,919, 2020), Custer County, southwestern South Dakota, more than 10 miles (16 kms) from Mount Rushmore and the Crazy Horse National Monument. ",,,,,,,,,,,,,,,,,,,,Black Hills National Forest (USFS).,The developer staked over 500 unpatented lode claims covering more than 15 square miles (nearly 40 square kilometers) in the west and southwest parts of the Black Hills. Additional claims staked later. ,,,,,,,,
Blackpine,,,,Land includes old Blackpine copper mine operated from 1945 to 1965.,In FY 2023 Annual Report the developer stated there was no significant exploration activity at the site and no progress has been made; Koba Resources reports in its FY 2024 Annual Report that no significant work was done at its cobalt projects in FY 2024.,,,,,"Near Cobalt (pop 13, 2020), central Idaho. ",,,,,,,,,,,,,,,,,,,,,,Public land with US Forest Service oversight.,,,,,,,
Blue Clay,,,,,"In 2022 the developer’s maiden drill program revealed a new lithium discovery through Blue Clay Lithium Project in Clayton Valley. Lithium values as high as 1230 ppm Li were encountered with 800 ppm Li over 120 feet, including 1,011 ppm Li over 40 feet.",,,,,"Near town of Silver Peak (pop 121, 2020), Clayton Valley, Esmeralda County, Nevada. Directly adjoins the western portion of lithium producer Albemarle’s evaporation ponds and is nearby Century Lithium Corp.’s proposed 5,430-acre Angel Island Lithium Mine.",,,,,,,,"The developer closed an option agreement dated September 30, 2021 to acquire the Blue Clay Lithium Project in Clayton Valley Nevada. This project consists of 94 contiguous claims totaling approximately 1950 acres prospective for lithium. ",,,,,,,,,,,,,,,,,,,,,
Bonanza,,,,,"In the first quarter of 2024, the developer reported no field activity at the site.",,,,,"Near Cobalt (pop 13, 2020), central Idaho",,,,,,,,,,,,,,,,,,,,,"3,200 hectare Bonanza Project holdings",,,,,,,,
Bonnie Claire,,Borehole extraction method,,Previous industrial site – milling for local mines in the 1900s,"The 2024 drilling program extended to 2,807 feet and intersected the northeast continuation of the high-grade Lithium and Boron mineralized zone. The 518 ft intercept is the thickest +5,000 ppm lithium interval drilled to date.",,,,,"Nearest town is Beatty (population 880, 2020), 25 miles southeast; Beatty is 8 miles east of Death Valley National Park in southeast Nevada; 125 miles northwest of Las Vegas, Nevada.",,,,,,,,"Iconic Minerals LTD first staked the land, then split ownership 50/50 with Nevada Lithium Resources Inc. before Nevada Lithium Inc. secured 100% ownership of the project.  ",,,"Mineral processing has been planned to be conducted on-site, however this is still in the development phase.",,,,,,,,,,Private Land - 18300-acre land package.,,,,,,,,
Borax Lake,,,,,"Work at the site ended in 2022 when the BLM determined that the claims were in an area of eastern Oregon that Congress withdrew from mining in a federal conservation law called the Steens Act of 2,000.  ",The land this project was planned for is off-limits to mining per an action by Congress.,,,,"Near town of Fields (pop 120, 2010), in Alvord Desert, southeast Oregon. ",,,,,,,,,,,,,,,,,,,,,,,,,,,,,
Boron,,,,,"Development of the lithium project at Boron draws on developer’s long standing partnership with the U.S. Department of Energy’s Critical Materials Institute (CMI), which is committed to discovering ways to economically recover critical mineral by-products from existing refining and smelting processes. CMI experts worked alongside the developer’s technical leads to help solve a number of key processing challenges to produce battery grade lithium at ",,,,,"Located on western edge of Mojave Desert, near town of Boron (pop 2,086, 2020), south-central California. Boron was a mining town established soon after a borax deposit was discovered in 1925. Site of California’s largest open-pit mine (boron) and largest boronate mine in the world.",,,,,,,,,,,,,,,In-kind assistance through technical collaboration with DOE’s Critical Materials Institute; no grant or loan.,,,,,,,,,,,,,,
Brook,,,,,,"The developer originally thought it could initiate rare earth mining under its 2020 coal mining permit.  However, it may be necessary to obtain a separate permit for rare-earth mining insofar as the method is different and the environmental impacts could be somewhat different.",,,,"Outside Sheridan (pop 18,737), in north central Wyoming",,,"Ramaco Resources (US, coal producer).  Ramaco has properties in West Virginia and Virginia, was founded in 2011, went public in 2017 and has since grown to a run rate of 5 million tons annually (with plans to expand to 7+ Mtpy as the market allows), over 1,000 employees and reserves of roughly 60 million tons.",,,,,Ramaco purchased the Brook mine in 2011. It had been continuously owned by Pittston Coal since 1912.,,,,,,,,,,,,,"Private -- The Brook Mine comprises over 15,800 acres outside of Sheridan, Wyoming, one of the largest privately controlled mineral reserves in the Western United States. Roughly 4,500 acres were permitted for mining in 2020, which is where the initial assessment program has been conducted. Opportunity for expansion of project.",,,,,,,,
Cactus Copper,,"94% of mined material from open pit (Cactus West and Parks/Salyer), 6% from the Stockpile and Cactus East underground.",,Yes. ASARCO operated copper mine from 1974-1984.   It was called the Sacaton mine.  ,The developer completed a Preliminary Economic Assessment in the third quarter of 2024 following an updated mineral resource estimate from July 2024.  The next step is a definitive feasibility study.   ,,,,,"Located 43 miles south of Phoenix International Airport and 6.2 miles south of the city of Casa Grande (pop 55,653, 2020), Arizona.  ",,,Arizona Sonoran Copper (ASCU) has granted Nuton (a subsidiary of Rio Tinto Inc) an exclusive right and option to acquire between a 35% and 40% interest in its Cactus project.,,,,,Developer acquired project from ASARCO Trust in July 2020.  ,,,,"Copper cathodes will be produced directly onsite through heap leaching, solvent extraction, and electrowinning (SXEW), including a four-year ramp-up period.  ",,,,,,,,,,,,,,,,,
Carolina Lithium,,"Plan for 4 new open pit mines, each 50 feet deep, 1,500 acres.",,"Site is location of old lithium mines that closed in 1980s and 1990s (competition from South America). From the 1950s to the 1980s, the Carolina Tin-Spodumene Belt provided nearly all the world’s lithium, delivering important supply chain resources to the U.S. military as well as the automotive, glass, ceramics, and pharmaceutical industries.",The developer no longer has an explicit schedule for starting production but in 2024 secured a critical state permit,It took the developer several years longer than expected to obtain necessary state permits.  The required rezoning by the Gaston County Commissioners has not yet occurred.,,,,"Located about 30 miles west of Charlotte, North Carolina, near the town of Cherryville (pop 6,707, 2020) within the Carolina Tin-Spodumene Belt.  ",,,,,,The Australian company Sayona is buying Piedmont Lithium (developer of Carolina Lithium in Gaston County).  CEO of Piedmont Lithium is turning over and Sayona will become parent of a new subsidiary that includes Piedmont Lithium.,,,,,,"The developer replaced a planned processing plant at the mine site with a new plant in Tennessee ($141.7 million federal grant) with mined ore from Quebec and Ghana util Carolina Lithium is operational; however, in 2024 the developer, facing financial challenges, decided not to proceed with the processing plant in Tennessee.",,,,,,,,"The developer in 2020 signed a deal to supply Tesla from Carolina Lithium. Tesla agreed to buy 160,000 tons/year of spodumene for at least five years (the expectation was it would come from the new Gaston County mine); first deliveries were scheduled for July 2022 and July 2023; The Tesla deal was amended in January 2023 to 125,000 tons per year from 2023-2025 (the likely source being Piedmont Lithium’s lithium mine in Quebec, Canada in partnership with Sayona Quebec)","Company controls 3,100 acres of private land. ",,,"On January 18, 2024, the U.S. District Court for the Eastern District of New York granted the developer's motion to dismiss a securities class action lawsuit, originally filed in July 2021, against Piedmont and two of its executives.  Additional shareholder lawsuits are unresolved, where the allegation is that the developer misrepresented the prospects for mining at the site.",,,,,
CK Gold/Copper,,"Open pit, using froth flotation to extract the materials; 80 acres, 800 feet deep.",,"Copper King Mine started in 1881, was an underground operation, and Herc ceased operation just prior to World War II.  Much exploratory drilling by several developers since then.  In 2016 US Gold Corporation acquired 100% of the mineral leases.  ","The State granted US Gold an operating permit in April/May 2024; a reclamation bond was put up for any initial disturbance in May 2024; water discharge permit was granted in June 2024; and the last required permit, the air permit, was granted in November 2024. Now the developer will prepare a  feasibility study and raise capital for construction; Prefeasibility study released December 2021, to be updated summer of 2024. Industrial siting permit approved June 20, 2023. General permit application submitted to Wyoming Department of Environmental Quality in 2022; permit awarded April 29, 2024. Water permit awarded June 2024.  Working on air permit. ",,,,,"Located 20 miles west of Cheyenne (65,132, 2020), near Curt Gowdy State Park, southeastern Wyoming. ",,,Subsidiary Gold King Corporation.,,,,,,,,Some onsite processing but more advanced processing at existing offsite locations in US and/or abroad. ,,,,,,,,,,,"A large portion of the mine will be on state-owned lands known as school trust lands, which means the royalties generated from it will go toward the state's school system. ",,,,,,,
Clayton Valley (ACME),,,,,"In March 2024, the developer filed a NI 43-101 technical report with an estimated inferred lithium carbon equivalent (LCE) resource of 302,900 metric tons over a 40-year extraction period. ","The current state ground water regulation is the most serious issue for the Project. Clayton Valley is now judged to be over allocated and new diversions are not granted. To move into production, ACME will need to get permitting and allocation for water rights from the State of Nevada, purchase water rights from an existing holder, or see changes in how brines are regulated similar to geothermal fluids. ",,,,"Located near Silver Peak (pop 213, 2022), 5 miles from Goldfield (pop 268, 2010), county seat of Esmeralda County, 30 miles west-southwest of Tonopah (pop 2,478, 2010), northwest quadrant of Clayton Valley, Nevada; less than 200 miles from Las Vegas; adjacent to Albemarle’s active Silver Peak lithium mine and the claims/exploration by Pure Energy Minerals.",,,,,,,,,,,,,,,,,,,,,,"119 lode mining claims, covering 2,230 acres. ",,,,,,,
Clayton Valley (PEM),,,,,"The project received all necessary permits from the State of Nevada and the Nevada Division of Water Resources for the demonstration plant construction and water discharge in 2022 and 2023, respectively. Construction was largely completed by Q3 of 2023; The developer’s partner, SLB, demonstrated completion of specific technical milestones to qualify the earn-in to 100% Project ownership.  Those milestones included continuous production of lithium carbonate for an extended period and achieving a material quantity of lithium product in excess of a required purity threshold.  ","SLB’s subsidiary, NeoLith Energy, has plans for DLE in Clayton Valley and has sued Albemarle over water rights. State regulators have granted Silver Peak more than 20 “extensions of time” since the 1980s, though the state recently renewed a small temporary water permit for SLB’s pilot plant, recognizing that the Silver Peak mine has not used more than 70% of its water rights since 2022. But the state claims that no additional water allocations can be made, which puts Albemarle in a controlling position.  In 2024 the state renewed SLB’s water access permit but only for five years and only at a level sufficient to operate the DLE pilot plant. SLB and Partner Pure Energy Minerals now have all the permits they need to complete construction and operate the DLE demonstration plant. Water remains an issue for commercial-scale operation. ",,,,"Located 3 miles southeast of Silver Peak (pop 213, 2022) in Clayton Valley, Nevada, adjacent to Albemarle’s active Silver Peak lithium mine. ",,,"SLB (USA), oil services company, (formerly Schlumberger Technology Inc.) is both partner and operator of the Clayton Valley Project. On May 29, 2019, Pure Energy and SLB signed an earn-In agreement over the CV Project which requires significant investment by SLB at the Project, to include the design and construction of a pilot plant capable of processing lithium-bearing brines for high-quality lithium hydroxide monohydrate (“lithium hydroxide” or “LiOH?H2O”) and/or lithium carbonate products at a specified rate.",,,,,PEM acquired the Clayton NE claim blocks located in Esmeralda County from Advantage Lithium and Nevada Sunrise Gold under an asset purchase agreement made in November 2017.,,,,,,,,,,,,,"Public (BLM), 950 claims in Clayton Valley area, project area is 23,360 acres. ",,,"For several years, Pure Energy Minerals has challenged Albemarle’s claims to use most of the water in the Valley. In total, Albemarle has received 21 extensions since the 1980s, according to a recent filing from Pure Energy Minerals. ",,,"In August 2020, a district court judge sided with Pure Energy Minerals, remanding one of the extensions back to state regulators for further deliberations.",,
Colson,,,,Salmon Canyon Mine produced copper-cobalt-gold ore from 1964 to 1979 through underground methods.,Koba Resources reports in its FY 2024 Annual Report that no significant work was done at its cobalt projects in FY 2024.,,,,,"Located 35 miles from Salmon (pop 3,295, 2023) in central Idaho at the site of the abandoned Canyon Salmon Mine. One mile from the confluence of the Main Salmon River and Middle Fork of the Salmon River.",,,,,,,,,,,,,,,,,,,,,,,,,,,,,
Columbus,,,,,"January 2025: Completed an updated and comprehensive 3D geological and geophysical model for the Project, a major step forward in understanding the basin setting and the structural and lithological controls driving mineralization.  The Company is in the process of submitting an amended NOI with the BLM and additional borehole permits with the Nevada Division of Minerals (DMRE). ",,,,,"Near Tonopah, Nevada, 17 miles from Rhyolite Ridge   ",,,,,,,,"In 2024 the developer completed the strategic acquisition of Altitude Ventures, secured CA$3.5M in financing, strengthened their corporate and technical teams, and obtained critical water rights and key permits.",,,,,,,,,,,,,,,,,,,,,
Compass Minerals,,,,,"The developer decided to delay indefinitely because the regulatory risks were too high, given Utah legislature concerns about water levels in Great Lake","In 2023 Utah lawmakers passed HB513, which requires developers to pay a severance tax to a fund for the lake and makes them minimize water use and resupply water to the lake to offset their use.  The practical effect is that the developer must demonstrate that the project will not consume any water, as new state regulations limit water withdrawals from the Great Salt Lake. ",,,,"Existing facility adjacent to the Great Salt Lake in Ogden (pop 87,321, 2020), western Weber County, Utah. ",,,,,,,,,,,,,,,,,,,,Binding five year agreement had been made with Ford for 40% of total production volume.,,,,,,,,,
Coosa,,,,,"Plan is for mine to open in 2027, processing facility sooner (broke ground in 2022).  ",,,,,"Located north of Montgomery and 50 miles south, southeast of Birmingham, and 23 miles south, southwest  of Sylacauga (pop 12,578, 2020), east-central Alabama. Mine site is in western Coosa County, adjacent to Talladega County.  A 37-mile swath of land known as the Graphite Belt runs entirely across Coosa County and into adjacent Alabama counties.",,,,,,,,,,,New site in Coosa County.,,,,$3.2 million in DOD funding of feasibility study.  ,,,,,,,,,,,,,,
Copper Creek,,"Open pit in the beginning, underground in second stage.",,"Began in early 1900s, changed ownership several times.  Abandoned mine purchased by Faraday Copper.","BLM approved further drilling in May 2024; Building on its 2023 Preliminary Economic Assessment, the developer announced in May 2024 $15 million in private financing to move the project forward.",,,,,"Located 43 miles northeast of Tucson, 10 miles from town of San Manuel (pop 3,551, 2010) and 6 miles from town of Mammoth (1,650, 2018 est), Arizona. ",,,,,,,,"Faraday Copper acquired the project in stages, 2018 and 2023.",,,,Preliminary plan is to process onsite.,,,,,,,,,"Property includes seven private patented claims, one private land parcel, nine Arizona State Land Department (ASLD) prospecting permits and 325 Bureau of Land Management (BLM) unpatented mining claims",,,,,,,,
Copper World Complex (Rosemont),"The developer is now using the name “Copper World Complex” to refer to a 44-year plan to mine on both sides of the mountains, an area that includes the former Rosemont project, the former Copper World project and additional private land the developer has acquired. ",,,,"The developer in 2023/2024 acquired the three necessary state permits: the Mined Land Reclamation Plan, the Aquifer Protection Permit, and the Air Quality Permit.  Phase 1 of the Copper World Complex, a 16-year plan, would develop the west side of the mountains with four open pits and three tailings dumps on approximately 4,500 acres of private land.  One of the flexible features of Phase 1 is that, since it does not use public land, the permits required would involve only the state of Arizona rather than the federal government.  To complete the Complex on the east side would require permits from the USFS. ","Despite years of work and support from the State, the developer lost the Rosemont Project due to federal regulatory complications. The 9th Circuit ruled the developer may not dispose of waste material on adjacent public land, causing indefinite delay of the Rosemont project. ",,,,"Located approximately 30 miles southeast of Tucson in southern Arizona on Coronado National Forest land on the east slope of the Santa Rita Mountains. The nearest established communities are Sonoita (pop 803, 2020) and Vail (pop 13,604, 2020). The larger Copper World project includes land on the west slope of the Santa Ritas that was not part of the Rosemont Project.  ",,,,,,,,Hudbay began purchasing shares of Augusta Resource Corporation of Canada in 2010.,Plan is to produce 1.5 million tons of copper over 15 years and 3.4 million tons over 28 years.  ,,,,,,,,,,,,"Public and Private- located partly within the Coronado National Forest near Tucson on 995 acres on private land, 75 acres of state-owned land, and 3,670 acres of mining claims on FS land.",,,A split 9th Circuit panel (2-1) upheld a district court ruling that the developer had established mineral prospects on only 300+ acres of Rosemont land but used an “in connection” with argument to allow waste and tailings to be discarded on nearby lands that have no demonstrated mineral potential.  The panel determined that no statute permits disposal of wastes on federal land without mineral deposits.  The US Supreme Court declined to hear an appeal.,,,,,
Copperwood,,,,,"Almost fully permitted, site preparation nearing the construction phase (pending project financing). The developer has projected construction start dates in the past that have not materialized. The latest information issued by the developer indicates the mine could open as soon as the spring of 2026.","Permitting for the mine has sputtered for more than a decade, including multiple air quality permits from the state Department of Environment, Great Lakes and Energy. The last one expired in 2023; another proposal went out for public comment in late 2024.","The county is known for the Porcupine Mountains Wilderness State Park, affectionately called the Porkies, which spans about 60,000 acres. There’s North America’s largest ski jump, resorts, and the shore of Lake Superior.",,,"Located 14 miles and 24 miles from the towns of Wakefield (pop 1,702, 2020) and Ironwood (pop 5,045, 2020), respectively; at south edge of the Keweenaw Copper province, the Porcupine Mountains copper district, western end of upper peninsula of Michigan",,,Owns 100% of the project,,,,,,,,,,,,,,,"The state (Michigan Strategic Fund) is currently considering a $50 million grant for infrastructure, conditional on the developer raising $150 million in private-sector support by December 2025.",,,,,,,,,,,
Cowboy State,"The Halleck Creek Project was recently renamed the Cowboy State Mine, see Project Note on Developer.",,"Neodymium, praseodymium, dysprosium, and terbium, as well as secondary magnetic rare-earth oxides (REOs).  There is also a possibility that the Brook deposit may contain meaningful amounts of gallium and germanium, two critical minerals that are widely used in semiconductors and defense systems.",,2024 drilling program confirmed enormous potential of the project. Developer is advancing toward completing an updated resource estimate and Pre-Feasibility Study (PFS).,,,,,"Located in Laramie Mountains, southeast Wyoming; closest town is Wheatland (population 3,500, 2020).",,,"A restructuring occurred in 2024 to attract domestic investment, accelerate development, and ease issues with foreign investment rules. Wyoming Rare Inc.is now separate and 100% owned; American Rare Earths is the parent organization. The company partitioned the Cowboy State Mine section of its Halleck Creek project into an independent entity now called Wyoming Rare (USA) Inc., or WRI, which may help the project draw on a targeted class of investors.",,,,,,,,,,,,"In late 2024, the Export-Import Bank of the United States (EXIM) issued a non-binding Letter of Interest to provide up to US$456 million in debt financing to the project, specifically to assist with construction and operations of the project. Developer, Wyoming Rare Inc, also received $304,000 from the Wyoming Energy Authority as a part of their grant program.",,,,,,"4,500 acres were permitted for mining in 2020; 15,800 acres in total.",,,,,,,,
CuMo Project (Idaho Copper Project),,Open-pit,"Molybdenum- an important metal used primarily in high-quality steel applications, for strength, corrosion resistance and other properties. Molybdenum prices are roughly 5 times the price of copper, and may provide the bulk of the projects revenue. Silver will contribute a much smaller share of the revenue.  The ore at CuMo also contains recoverable rhenium (a defense metal) and tungsten.",,"USFS decision on Plan of Operations due 2025, which would facilitate more exploratory drilling. Most of the previous exploration was done between the late 1990s and 2012, the year of the last drilling. The developer started a Preliminary Economic Assessment in 2024, completion is due 1Q 2025.  ","In 2012, the original USFS environmental assessment was reversed. In 2015, the previous developer issued a Supplemental Environmental Assessment (SEA) which was also reversed. The current developer has proposed a new plan that contains environmental protection measures that will hopefully comply with state and federal regulations; such as dust abatement, a 500 feet minimum road distance, and spill containment at all gasoline-powered pumps near streams or water sources operated on a “closed system”",,,,"Located 3 miles east of Grimes Pass (pop 192, 2020), 14 miles north of Idaho City,  40 miles northwest of Boise, southern Idaho.",,,,,,,, IC separated from American CuMo Mining Corporation in 2018.,"Projected initial yearly copper output through a sulfide concentrator may be in the range of 30 million pounds, molybdenum up to 50 million pounds, with about a million ounces of silver.   ",,,,,,,,,,,,"Public (USFS), located in Boise National Forest.  The project currently consists of 126 federal unpatented lode mining claims, and 6 patented mining claims. In total, the project comprises approximately 2,640 acres.",,,"In 2012, the U.S. District Court for the District of Idaho found that the Forest Service had not adequately analyzed the groundwater issues associated with exploration. The USFS revised the environmental analysis and approved the exploration plan again in 2015.  In the supplemental environmental assessment, USFS and the developer decided to go with an alternative B project which was a “reduced roads” option, intended to address concerns over potential erosion and sedimentation to Grimes Creek. Grimes Creek feeds into Mores Creek, which feeds into Lucky Peak Reservoir. Three environmental organizations filed another lawsuit in early 2016. This time, the court said that the Forest Service had adequately looked at groundwater impacts and had addressed the Idaho Department of Environmental Quality’s concerns about degraded water quality, but did no not adequately determine the impacts on Sacajawea’s bitterroot (a rare, beautiful plant that occurs only in central Idaho).  ",,,,,
Diamond Creek,,,,,"Comprised of 4,550 acres of unpatented mining claims in the middle of the Idaho REE-Th Belt. Diamond Creek has a historic USGS resource which estimated 70,000+ tons of total rare earth elements at an average comprised ge grade of 1.22% TREO. In 2022 the company completed their first drill program at Diamond Creek, initial inspection of the core utilizing XRF analysis is favorable (see news release dated November 3rd) and are still awaiting the official assays from the lab.",,,,,"The Diamond Creek REE Project covers approximately 1,841 hectares (4,550 acres) and is comprised of 244 unpatented lode mining claims in central Idaho, a first tier mining jurisdiction located just north-northwest of the town of Salmon, Idaho.",,,,,,,,,,,,,,,,,,,,,"Maintains 4,550 acres of unpatented mining claims and state lease land at Diamond Creek.",,,,,,,,
Eagle,,,,,Only active nickel mine in the United States.  Production began 2014; shutdown scheduled for 2029 unless new reserves are discovered.,"From discovery of the deposit in 2003, it took almost 15 years before mining began. Environmental and indigenous groups mounted spirited opposition, including litigation. The Michigan Court of Appeals upheld the mine’s operating and water permits in August, 2013. ",,,,"The mine is located in Western Marquette County, Upper Peninsula, Michigan; closest town is Big Bay (pop 257, 2020), 15 miles; Marquette (pop 20,629, 2020) is 33 miles away. Ore from the Eagle mine is trucked to the Humboldt mill, site of a former iron ore processing facility, for processing into concentrates. The Humboldt mill is approximately 37 miles west of Marquette.",,,,,,,,Lundin purchased Eagle Creek from Kennecott (Rio Tinto) in 2013.,,,Processing at the  nearby Humboldt Mill.,,,,"The U.S. Department of Energy (DOE) has selected REV Nickel for an award up to $145 million. The REV Nickel Project, in partnership with Revex Technologies, will produce nickel concentrate and other valuable U.S.-sourced critical minerals from metal-bearing waste streams, including discarded mine tailings and spent lithium-ion batteries. The recipient of the this funding is not the developer of the mine.",,,,,,,,,A coalition of national and local environmental groups and local tribes challenged both the state operating permit and the state water permit.  The litigation ended when the Michigan Court of Appeals affirmed both permits in August 2013. One lawsuit addressed that state operating permit; the other addressed the state water permit.,,,,,
Elk Creek,,,,,Developer difficulties in raising funds to move to the development phase; May 2024 study found that electrification of mine could cut substantially both the capital and operating costs of the project.,,,,,"Located 3 miles west of Elk Creek (pop 67, 2020), and 6 miles south of Tecumseh (1,677, 2010), southeast Nebraska; 65 miles southeast of Lincoln (state capital) and 80 miles south of Omaha.",,,,,,,,,,,,,,,,,,,,,"622 staked mining claims covering approximately 6,871 hectares (16,975 acres) in northern Idaho, in four claim blocks.",,,,,,,,
Elkhorn,,,,"Starting in 1921, ore with an average grade of 9.5% Co was regularly shipped from four mines in the area.",Koba Resources reports in its FY 2024 Annual Report that no significant work was done at its cobalt projects in FY 2024.,,,,,"Located 9 miles northwest of the Blackbird Cobalt District in Idaho Cobalt Belt near Salmon (pop 3,295, 2023), central Idaho. ",,,"Koba Resources (Australia), spun off New World in 2021.",,,,,"Prior owner was New World Cobalt Limited (Australia), previously named Longford Resources (Australia); temporarily sold to Tyranna in August 2018. ",,,,,,,,,,,,,28 unpatented mining claims for 227 hectares of public land; part of Salmon National Forest (USFS),,,,,,,,
Emily/Cuyuna,,,,"Mine closed in 1960, town of Harshaw was then abandoned.","Exploratory drilling was completed in 2024, and the project is awaiting permits for further development.",,,,,"Located in Cuyuna Iron Range near small town of Cuyuna (pop 296, 2020) in central Minnesota, 90 miles west of Duluth.",,,,,,,,South32 purchased the land in 2018 from Arizona Mining.,,,Processing either in Mexico or Canada,,,,,,,,,,,,,,,,,,
Fish Lake Valley,,,,,"A 2023 drilling program in north region suggests lithium brines likely in the south region.  January 2024 seismic reflection survey identifies promising drilling target in south region.  Next step is deep drill hole to a depth of 1,150 meters in the southern region.",,,,,"Village of Dyer ~12 miles south; town of Tonopah ~50 miles east; northern Esmeralda County, equidistant (280 km) between Vegas and Reno, Fish Lake Valley, West Central Nevada. 30km northwest of Abermarle’s Silver Peak operations, 10km to Ioneer’s Rhyolite Ridge project, and 20km west of Argosy’s Tonopah Lithium project.",,,,,,,,,,,,,,,,,,,,,,,,,,,,,
Flux,,,,,"The Flux Project was permitted for seven drill sites and, at this time (May 2024), has drilled on four of them. Remediation work has begun on both the new access roads and on the pads.  So far, the Flux Project has cut short access roads to four new pads, and finished drill work on them. Community outreach began in 2019.",,,,,"Located 4 miles south of Patagonia (pop 804, 2020) in southern Arizona, southern Patagonia Mountains, on ridge between Flux Canyon and Alum Gulch.",,,South 32 purchased Arizona Mining Inc.,,,,,,,,,,,,,,,,,,Coronado National Forest (USFS). ,,,"Eight local and national conservation groups  joined together to sue the Forest Service alleging the project's permits were wrongfully issued. The groups were represented by attorneys from EarthJustice. The Forest Service ultimately won the case. Local, regional and national environmental groups are now challenging the recent exploratory drilling permit issued by USFS.  Their quest for a preliminary injunction against drilling did not succeed in the courts, and the case was being heard on the merits as of late 2024.",,,,,
Fort Cady ,,,,,Goal is to reach full production level in mid-2026. In 2023 the developer completed a Technical Report on capital costs for the full project. In 2024 the developer investigated federal funding opportunities at the Department of Defense and the Department of Energy.  In early January 2024 limited quantities of boric acid and lithium were extracted at four production wells.,,,,,"Located in the Mojave Desert, CA, approximately 30 miles east of Barstow (pop 25,415, 2020) and two-and-four-tenths miles south of Interstate 40.",,,"When a group of investors acquired the Fort Cady project in 2016, the company, was known as American Pacific Borates, and was listed on the Australian Securities Exchange (ASX). It was later rebranded to 5E Advanced Materials and the primary listing was moved to the Nasdaq.",,,,,,"Phase 1 would yield around 1,100 tons per year of lithium carbonate, and this volume would be expected to rise to 5,500 tons per year in phase 3.  ",,,,"Investment at the Fort Cady facility was $70 million as of mid-2023. Capital expenditures expected to be spread through 2024-26, totaling $373 million.",,,,Some additional support from the US Department of Agriculture.   ,,,,,,,,,,,,
Goodsprings,,,,Long history of small-scale mining activity in Goodsprings district.,"Koba Resources reports in its FY 2024 Annual Report that no significant work was done at its cobalt projects in FY 2024. Soil sampling was done in 2018 by the site's previous owner, but no drilling has been conducted as of early 2025.",,,,,"Located near the township of Goodsprings (pop 162, 2020), southern Nevada, approximately 31 miles southwest of Las Vegas.",,,,,,,,"The site was previously owned by New World Cobalt Limited (Australia), previously named Longford Resources. ",,,,,,,,,,,,,The developer owns a 100% interest in 118 unpatented mining claims covering approximately 900 hectares.,,,,,,,,
Graphite Creek,,,,,"The developer announced in June 2024 a field program for 2024 that would collect the required data, including additional drilling, for a prefeasibility study, which is expected to be completed in early 2025.","Most of the permitting will be handled by the State of Alaska.  However, the project necessitates the construction of a road network to the property (e.g., a new road network through the Arctic from Nome to the mine site).   A previous effort to obtain the federal wetlands permit from the Corps was not successful. In 2018 local community and environmental opposition led to a delay in the Corps deliberations and a temporary loss of state funding for the project. The developer is expected to make another effort to obtain the federal wetlands permit.  ",,,,"Located on the Seward Peninsula (Bering Strait), 35 miles north of town of Nome (pop 3,699, 2020), Alaska, near the Arctic Circle. ",,,,,,,,,,,"Processing to be conducted in Niles, Ohio.",,,,"DOD grant of $37.5 million.  However, the grant has led to a consultation controversy.  Three tribal governments (Telles, Brevig Mission, anermit;  In 2018 local community opposition to the road network led to a temporary loss of state funding and diminished prospects for the Army Corps pd Mary Igloo) stated in December 2023 that the Biden Department of Defense violated its own consultation principles when it awarded the $37.5 million grant to the developer for the proposed graphite mine in Alaska.  The grant was announced in July 2023 but DOD never responded to three independent letters from the three tribes.  In December 2023 the tribes disclosed the letters, which were written with the assistance of the environmental law firm Trustees for Alaska.",,,,,,,,,,,,,,
Green River -- American Potash,,,"Wells in and around the project reported lithium up to 500ppm, bromine up to 6,100 ppm and boron up to 1,260 ppm. This data is reinforced by nearby potash production and the advanced stage of neighboring lithium projects",,,,,,,"Paradox Basin, 20 miles northwest of Moab, Grand County, southeastern Utah; 13 miles northwest of Intrepid Potash’s evaporation pond solution mining operation. The proposed exploration area is located approximately 21 miles northwest of the town of Moab, Utah and 27 miles southeast of the town of Green River, Utah in the Spring Canyon Point area between the geographic features of Spring Canyon and Ten Mile Wash that are adjacent to the Green River.",,,,,,,,"In 2009, American Potash entered into an option agreement with Sweetwater River Resources for interest in these PPAs and was established as the Operator by the BLM in 2012. In 2024 a  new option agreement with LiK Resources LLC, a private Houston-based exploration company, on its Green River Potash and Lithium Project; the agreement defines conditions for 70% ownership by LiK Resources. ",,,,,,,,,,,,,,"The developer holds a 100% interest in eleven State of Utah (SITLA) mineral and minerals salt leases covering approx. 7,050 acres, 1095 federal lithium brine claims (Bureau of Land Management (""BLM"") Placer Claims) covering 21,150 acres, and 11 federal (BLM) potash prospecting permits covering approximately 25,480 acres. Through these leases, permits and claims the Company has the ability to explore for potash, lithium and potential by-products across the entire Green River Project (approx. 32,530 acres).",,,,,,,
"Green River -- Blackstone
",,,,,,,,,,"Near Green River (pop 827, 2020), a small community along Interstate 70, in Emery County, southeastern Utah. The Green River lithium project, which abuts the Green River, is located 32 miles from the same developer’s Paradox lithium project.",,,,,,,,,,,,,,,,,,,,,,,,"Lawsuit filed In Utah’s 7th District Court in Moab against the Utah Division of Water Rights by environmental groups and nearby residents. The lawsuit claims that decision should be invalidated because the project could impair existing water rights, while interfering with “the more beneficial use of the water.” The company also hasn’t filed “a contract for payment of royalties” which is required by the state, the complaint alleges. And, the project is “detrimental to the public welfare,” with the lawsuit arguing the state is unable “to assess the legitimacy of Blackstone’s claims related to direct lithium extraction and its impacts on water consumption and water rights.”",,,,,
Hermosa/Patagonia,,,,,"In January 2024 the developer released the Critical Minerals Exploration and Mine Plan of Operations, a roadmap of operational activities at the Hermosa project from start to finish, as the project is located on lands managed by the Coronado National Forest. Later in 2024, the developer secured from the state a key air quality permit.","The USFS approved a 15-hole exploration plan in October 2011.  Under litigation pressure from wildlife and conservation groups, USFS withdrew approval of the exploration plan in April 2012. The developer and USFS then worked for several years on a revised environmental assessment. ",,,,"Located near Nogales (pop 19,770, 2020) in the abandoned mining district of Harshaw, Patagonia Mountains, southern Arizona; 50 miles southeast of Tucson, 20 miles from US-Mexican border.",,,,,,,,Acquired Phelps-Dodge in 2007.,,Estimated Mine Life: 2056,,,,,"$20M federal support from DOD under the Defense Production Act Battery Program. DOE providing $166M, or up to one third of the cost of the manganese production facility at the Hermosa mine.  ",,,,,,"Purchased from the BLM: In September 2005, as part of a ""land swap"", Phelps Dodge (which was subsequently purchased by Freeport-McMoran) transferred 3,867 acres of ""environmentally sensitive"" land to the BLM and purchased 16,297 acres located next to proposed mine from the BLM. In order to reach full production, the mine must also obtain approval from USFS because of proximity to a national forest.  That process is underway.",,,A federal district court has ordered the Forest Service to complete a Supplemental Information Report and consider another report under the National Environmental Policy Act; the court gave both parties a schedule of deadlines extending through April 2025. Both the district court and the 9th Circuit denied requests from environmentalists to halt exploratory drilling while litigation against USFS exploratory permit is resolved. ,,,,,
Idaho Cobalt Operations,,,,,2024 drilling program confirmed promise of the Ram deposit.,,,,,"Located approximately 40 miles west of Salmon (pop 3,295, 2023) in the Salmon-Challis Forest near Cobalt (pop 13, 2020), central Idaho. The site is adjacent to the inactive Blackbird mine. ",,,,,,,,,,,,,,,,,,,,,,,,,,,,,
Idaho Cobalt Project,"The Idaho Cobalt Project is made up of the Victory Project, the Fairway Project, the Twin Peaks Project, and the Ulysses Project.
",,"Idaho stands as one of the three locations globally, along with Finland and Morocco, where cobalt is the primary metal, making it a highly exceptional region for cobalt resources. However, the projects also would produce some copper and gold, which should enhance the economic viability of the projects.",Historical Twin Peaks mine and former Badger prospect. ,"The developer in 2023-2024 undertook geological mapping and rock sampling, combined  with a river sediment sampling program in the Twin Peaks area.  ",,,,,"The Idaho Cobalt Project is comprised of two operations in separate locations in Idaho; the Mine and Mill, and the Cobalt Production Refining Facility (CPF). The Mine and Mill site is in East Central Idaho, approximately 26 miles west of the town of Salmon (pop 3,295, 2023). The CPF site is in an industrial park in the Blackfoot municipal area (pop 12,346, 2020) in southwest Idaho.  ",,,"The lead developer, Champion Electric Metals, was established in 2016 under the name “Idaho Champion”, since initially it focused solely on Idaho-centric assets. However, in 2023 the company rebranded to Champion Electric to reflect its expansion into Québec and their focus on battery metals.",,,,,,,,,,,,,,,,,,"6,280 acres of public land in Salmon National Forest ",,,,,,,,
Iron Creek,,,,,In November 2024 the developer acquired a 10-year permit from the USFS for exploration in and around its Iron Creek project at the eastern end of the Idaho Cobalt Belt. The developer has planned more drilling activities outside of the current resource area over the next two years. The Preliminary Economic Assessment is anticipated to begin shortly (June 2024).,,,,,"Located about 18 miles southwest of Salmon (3,295, 2023) in central Idaho, within the historic Blackbird cobalt-copper district of the Idaho Cobalt Belt. Iron Creek is a tributary creek that drains from the Salmon River Mountains in the west into the Salmon River. The Property encompasses the North Fork of Iron Creek.  ",,,"Formerly known as First Cobalt Corp, Electra purchased Iron Creek Property in 2018.",,,,,,"The planned production level from the Ontario refinery is 6,500 metric tons per year of battery-grade cobalt sulfate per year.  But not all of that output will come from mined material from the Iron Creek Project.  ",,,,,,"In August 2024, the U.S. Department of Defense (DOD) awarded the developer $20 million to complete the construction and commissioning of North America's only refinery capable of producing cobalt sulfate, along with other materials needed for lithium-ion batteries. The developer also has a grant from the Canadian government. In June 2024, NRCan invested $3.6 million toward a battery materials recycling plant being built alongside the Ontario Cobalt Refinery. This recycling operation will be able to recover high-quality lithium, nickel, cobalt, manganese, and graphite from black mass, a powder-like material produced when lithium-ion batteries are shredded for recycling.",,,,,"In July  2023, the developer announced that its battery-grade cobalt sulfate agreement with LG Energy Solution, a leading global manufacturer of lithium-ion batteries, had been extended and expanded from the initial terms. The agreement now provides for the supply of 19,000 tonnes of cobalt contained in sulfate beginning in 2025. The total will represent up to 80% of the developer's expected annual production.",,,,,,,,,
King's Mountain,,,,"The lithium mine at Kings Mountain, North Carolina was operated intermittently beginning in the 1940s and more consistently after Foote Mineral Company acquired and reopened the site in 1950. Production of lithium concentrates resumed in 1951. The mine was closed and allowed to flood in 1996, when Foote Mineral (by then owned by Cyprus Amax) ceased operations due to the economic advantages of lower-cost lithium extraction from brine in South America. ","Exploratory drilling began in 2017; the developer has drilled more than 300,000 feet of core across the property. The developer has invested approximately $100 million over the last five years in studies and testing to determine the commercial promise of the site; The developer's original plan was to restart the mine in 2026 but that plan has been delayed due to the lithium-price slump and financial issues. Nonetheless, in September 2024, the developer submitted applications for several state and federal permits that are required to relaunch mining at Kings Mountain.",,,,,"Located near Kings Mountain (pop 11,142, 2020), 35 miles west of Charlotte, North Carolina. Most of the town is in Cleveland County, with a small eastern portion in Gaston County.  The project site is off Interstate 85.",,,"Albemarle acquired the site in 2015. The developer (Albemarle) is a large global specialty chemicals company.  Its lithium business includes lithium through its own salt brine assets in Chile and the United States and two joint venture interests in hard-rock Australian mines, Talison (Greenbushes) and Wodgina.  It is developing additional lithium mines in the US and Argentina. The recent collapse of global lithium prices has caused Albemarle to lay off employees and curb capital spending in both 2023 and 2024. ",,,,,The developer purchased the abandoned site in 2015,"Newly estimated annual volume of production is 420,000 tonnes, which is drastically larger than the previous 50,000 ton output. The new estimate comes after the proposed mine was expanded 900 feet southwest of its previous position. ",,,"The developer currently operates a lithium processing facility at Kings Mountain with a production capacity of 5,500 tons per year. The developer also announced plans to create a “mega-flex” lithium conversion facility in the U.S. Southeast that would process up to 100,000 tons of lithium per year. The Kings Mountain mine would provide roughly half the raw material for the new plant.",,,"The $90 million grant from DOD is unusual because it can be used to pay the costs of reopening the mine, especially mining equipment.",,"In October 2022 the developer received a $150 million grant from DOE for processing facility site development, for the company's expanding Silver Peak Mine in Nevada, and for training/research in Cleveland, Ohio and Raleigh, North Carolina. At King's Mountain, the funds will pay a portion of the cost of a new commercial scale lithium concentrator facility",,,,,,,,,,,,
La Paz,,,,,"All necessary construction permits (state, local & federal) have been secured; The developer’s 2024 communications suggest it is giving higher priority to the Halleck Creek opportunity than to the La Paz Project.  ",,,,,"Located 16 miles northeast of Boise (pop 707, 2020), and 66 miles northwest of Phoenix, Arizona.",,,,,,,,,,,,Hydrometallurgical Plant and Pyrometallurgical Plant are both planned for the site.,,,In-kind assistance through collaboration with DOE’s Critical Material Institute; no grant or loan,,,,,,Project covers 6866 acres; it includes the Beaver Creek and Searchlight properties. $300 million in royalties to be paid to landowners.,,,,,,,,
Let's Go Lithium,,,,,In March 2024 the developer launched environmental baseline surveys as it grapples with some tenacious opposition to its request for an exploratory drilling permit. ,"A permit for exploratory drilling was granted but then revoked due to environmental (water-related) concerns raised jointly by county officials and an environmental group.  A more limited exploration plan was then submitted by the developer, and is under review by BLM. Meanwhile, County officials are trying to persuade the Department of Interior and the Congress to withdraw nearby lands from development activity due to environmental concerns. ",,,,"Located near Pahrump (pop 44,738, 2022) on the border of Nevada and California near the Mojave Desert; on the edge of Ash Meadow National Wildlife Refuge in southern Nevada, about 70 miles northwest of Las Vegas.  ",,,,,,,,,,,,,,,,,,,,,"Developer acquired an additional 2,400 acres that allowed abandonment of certain existing mining claims that border the ACEC boundary of Ash Meadows. This moves the core of the LGL project further away from Ash Meadows and sends a clear message that the developer is committed to developing the project in a manner that is sustainable for the surrounding area.",,,The Center for Biological Diversity and the Amargosa Conservancy sued BLM for failing to consult with other federal agencies such as the US Fish and Wildlife Service concerning species protection under the Endangered Species Act. The lawsuit was not resolved because BLM withdrew its initial approval of the drilling plan. ,,,,,
Libby,Project also called Montanore,,,"Noranda Minerals initiated development of the Libby Exploration Project in 1989 but halted it in 2001, maintaining only reclamation work. In 2015, Hecla Mining acquired the project, along with the Montanore and Rock Creek mines in Montana. In 2022, Hecla decided to focus on obtaining new permits for the Montanore mine, putting the Rock Creek mine on the backburner.","A new Plan of Operations for the Libby Exploration project limited to underground exploration and evaluation activities was submitted to the U.S. Forest Service and is currently under an Environmental Assessment review. The developer is making another effort (November 2024) to replace the old water permit with a new water permit.  If it is approved, the new permit would take the place of the active permit issued in 2006, which Montana DEQ proposes to terminate. DEQ previously issued a renewal permit in 2017, which was vacated by the Montana Supreme Court in 2020 following litigation. The new permit reassesses and updates how the developer will meet applicable water quality standards.; In 2025, this project was added by the Trump administration to the FAST-41 dashboard to accelerate its permitting. ",,,,,"Located 23 miles south of Libby (pop 2,775, 2020), the county seat of Lincoln County, in northwestern Montana; Libby is at the confluence of Libby Creek and the Kootenai River.",,,,,,,,Hecla acquired the Libby Exploration (Montanore) Project in September 2016 with the acquisition of Mines Management Inc. ,"A 2011 PEA stated the mine would produce 58,873,000 tons at 1.9oz/st silver and 0.7% copper.",,,,,,,,,,,,Cabinet Mountains Wilderness,,,"Since Hecla’s acquisition, the project has faced numerous legal challenges. One lawsuit concerned the validity of the developer’s water discharge permit; the other suit alleged that the developer should not be allowed to proceed on the project because the CEO was covered by the state’s “bad actor” law due to the company’s bankruptcy and behaviors in the 1990s that caused unremediated contamination at the site.  A coalition of tribes and environmental groups initiated both lawsuits.  The second lawsuit became moot when the CEO stepped down in early 2024.",,,,"Affirming the district court, the Montana Supreme Court in November 2020 invalidated the water permit that the state had awarded the developer many years earlier.  The developer was required to request a new water permit, if it wished to proceed.",
Lilac ,,,,,"Lilac Solutions released a technical white paper in June 2024 showing that its new DLE technology has 50% lower capital costs than previously estimated and longer durability (4,000 cycles).  The company also predicted that its pilot plant at Great Salt Lake will be running in October 2024. The company's plan is to scale up commercial operations to extract 3,000 tons of lithium from the lake annually by 2026. ",The State of Utah placed a moratorium on water withdrawals from the Great Salt Lake. ,,,,"The facility is planned for somewhere on the Promontory Point peninsula, near Brigham City (19,650, 2020), Utah, on the Great Salt Lake’s saltier northern arm.",,,,,,,,,,,,,,,$50 M from DOE for a commercial-scale DLE demonstration plant.,,,,,"Binding five year agreement with Ford for 40% of total production volume. In 2024 Lilac reported $145 million in new private financing, which will go toward scaling operations. ",,,,,,,,,
Lisbon Valley,,"Expansion plan involves in-situ mining. The developer plans to start using an extraction method that involves injecting acids into the ground to dissolve copper deposits before pumping the solution back up to the surface for recovery, causing less surface disturbance than open-pit mining. In situ leaching is performed by injecting an acidic solution into the ground to dissolve minerals deposits before pumping the resulting solution to the surface for mineral recovery. The method causes far less surface disturbance than heap leach open-pit mining, the technique the Lisbon Valley Mining Company has employed in the upper valley since 2008. It is a “very innovative” mining technique for copper, said Lisbon Valley Mining Company Environmental Manager Alysen Tarrant.",,"Copper was mined on a small scale in Lisbon Valley until the 1960’s when modern exploration techniques were used to begin defining what is now the Centennial Pit which is being actively mined by the developer today. Lisbon Valley Mining Company LLC, originally a subsidiary of Constellation Copper Company, obtained the final mining permits in 2004, and mine construction began in early 2005. However, the area has long history of uranium mining, contamination with radioactive mill tailings, community concerns about cancer, and extensive cleanup efforts.  Monticello community sensitized to health risks of mining. The Rio Algom Uranium Mill was in use from 1972 until 1988, leaving the groundwater supply contaminated with arsenic, uranium and other elements. In 2020, the copper mine was shut down temporarily due to the developer’s financial problems (low copper prices) and the pandemic.  ","The Lisbon Valley Mining Company, which owns the mine, has been planning an expansion since 2023.  The BLM is conducting an environmental review for the expansion and will decide whether to approve the project. The agency expects to finish a draft review in August 2025 and make a final decision about the project in May 2026. The Company has proposed to expand by employing in situ leaching which is conducted using a well field in place of open pit mining and heap leach operations and thereby results in a lower surface disturbance. The Trump administration is streamlining the expansion. The newly created National Energy Dominance Council chose in 2025 to “streamline” plans to expand the Lisbon Valley Copper Mine in southeastern Utah by adding the project to the FAST-41 program. Expansion would include a new open pit, waste rock storage area, process ponds, and in-situ recovery wells in a proposed 5,430 additional acres. Estimated surface disturbance contained in the Plan of Operations Modification is 1,190 acres. Proposal before BLM; decision expected May 2026.","The in-situ mining method requires the company to obtain an aquifer exemption permit through the Utah Division of Water Quality and the U.S. Environmental Protection Agency (EPA). Part of the criteria the EPA typically uses to grant an aquifer exemption is that the aquifer not serve as a source of drinking water, and documents filed with the DEQ state that the nearest public water drinking well is 14 miles from the project site. (The Wilson Ranch is closer and does access the aquifer for drinking water, leading to concerns).  The expansion project also requires BLM approval.",,,,"South of La Sal (339, 2020), north of Monticello (1,824, 2020), 40 miles southeast of Moab (5,366, 2020), San Juan County, southeastern Utah. ",,,,,,,,"The Lisbon Valley project was permitted in 1999 and Constellation Copper Corp, a Canadian company formerly publicly traded on the Toronto Stock Exchange, took ownership and capitalized the project between 1999 and 2004. Construction began in 2005.  The mine produced its first copper cathode in 2006, but Constellation went belly up in 2008. Lisbon Valley Mining Company was formed during 2009 when it took control of the project.",,,,,,,"In 2024 Greater Commercial Lending (GCL) provided a $25m US Department of Agriculture (USDA)-guaranteed loan to Lisbon Valley Mining to bolster copper production and aid renewable energy systems. The loan has been facilitated through the USDA’s Business & Industry Loan Programme. This financing will be channeled into working capital, procurement of heavy equipment, and refinancing of existing debt. ",,,,,,"4,480 acres consumed by current mine. The mine spans private, state and Bureau of Land Management land.",,,,,,,,
Lithium King,,Extraction from brines. ,,Three abandoned oil drilling operations. ,Developer has made additional claims to avoid floodplain areas.  Plans for exploratory drilling underway in 2024. ,,,,,"Located near Wendover (pop 1,115, 2020), western Utah;  105 miles west of Salt Lake City along Highway 80. Property is located south of the Pilot Valley, at the western margin of the Bonneville Salt Flats.",,,Global Battery Minerals (Canada) acquired the property in 2021 ,,,,,,,,,,,,,,,,,,"Public (BLM).  7,900 acres of placer claims.",,,,,,,,
Madison,,,,Abandoned: mine was originally discovered in 1847 and has since undergone various periods of operation and closure.  Production started 1944.  Peak production 1983. Surface and underground operations. Now an EPA Superfund site.,"The developer is establishing partnership agreements as it presses its case for financial support from the federal government. Glencore added a processing partnership with US Strategic Metals and a Chilean company in 2024, along with the 2022 partnership with United States Strategic Metals LLC.",,,,,"Located near village of Cobalt (262, 2023) and Fredericktown (pop 4,429, 2020), Missouri, 90 miles south of St. Louis.",,,,,,,, Missouri Cobalt purchased land in 2018.,,,,Constructing nickel/cobalt processing facility that will produce battery-grade material.,,,"$100.8 Million loan, now in expedited approval process, from the U.S. Citizenship and Immigration Services in recognition of the potential job creation by the company’s critical minerals project. ",,,,,,,,,2024 lawsuit against Missouri Cobalt by DOJ/EPA alleges pollution of nearby bodies with copper and lead without permit.,,,,,
Madison-Copper Gold                   ,"
",,,,"The 2024 drill program confirmed promising deposits beyond the areas that have previously been mined. The next phase of drilling (Phase II) will further test this interpretation and expand the high-grade copper and gold to the west and east.  Additional drilling will be planned to extend the historically mined orebody below 130 meters. Project is permitted for mining, and surface and underground exploration.",,,,,"Southeast margin of the Highland Mountains, 1 mile west of Silver Star (pop 46, 2020) and 16 miles south of Whitehall (pop 1,006, 2020), Madison County, southwest Montana.",,,,,,,,"American Pacific acquired the Project from Broadway Gold in 2020. Broadway Gold is now considered as a subsidiary company of American Pacific. From 2019 to 2024, the Project operated under a joint venture (JV), earn-in agreement with Kennecott Exploration Company, part of the Rio Tinto Group, whereby Rio Tinto may spend $30 million USD to earn up to 70% of the Project. In 2024 American Pacific Mining regained 100% ownership and control of the Madison copper-gold project in the US from Kennecott Exploration, a subsidiary of the Rio Tinto Group. This development follows the decision by Kennecott Exploration to terminate the 11-year Madison earn-in agreement it signed with American Pacific, which aimed to secure up to a 70% interest in the project.",,,,,,,,,,,,,"The Property totals 2,514 acres and includes a 192 acre deeded land parcel. The Property consists of 6 patented lode claims, 136 unpatented lode claims, and one federal unpatented placer claim. ",,,,,,,,
Mason Copper,,Traditional open pit shovel/truck operation.,,The Mason Valley property hosted several historical underground copper mines that were in production in the early 1900s. Historical drilling and production records from the past producing mines indicate the mineralization is high grade and starts at or near surface.   ,"The developer views the Mason project as a long-term development asset and a high-quality copper growth opportunity. . Since acquiring Mason, the developer has consolidated mining claims contiguous to the project and advanced technical studies, including a revised resource model and a PEA.  In September 2023 a drill program was launched to test satellite deposits which confirmed the occurrence of high-grade skarn mineralization near the historical mines; they are potentially amenable to open pit mining but of limited spatial extent. In 2024 the developer was compiling and analyzing the results from the 2023 drilling and conducting additional metallurgical studies to refine Project economics.  No definite timetable has been disclosed for opening the mine.",,,,,"Located 5 miles west of Yerington (pop 3,194, 2023), in central-western Nevada near the California line; approximately 47 miles southeast of Reno.",,,,,,,,"The developer purchased Mason Resources including the Mason Project in December 2018.  The developer consolidated a prospective package of patented and unpatented mining claims contiguous to the Mason project in two private transactions in 2019 and 2020, including a property called Mason Valley. Much of the Mason Valley property is located on Hudbay’s wholly owned private lands and contains highly prospective skarn mineralization. ","140,000 tons per year for the first 10 years declining thereafter",,A new nearby copper sulphide mineral processing plant capable of producing commercial grade copper and molybdenum concentrate. ,,,,,,,,,,"Private, more land added in 2019 and 2020. ",,,,,,,,
McDermitt,,Open pit method processing ore using sulphation roasting to produce battery-grade lithium carbonate.,,,"The developer is completing technical and financial studies to support a new resource estimate and update metallurgical understanding; A pre-feasibility study was in progress in 2024; In April 2025, BLM approved exploration at the McDermitt project despite community concerns.; In 2025, this project was added by the Trump administration to the FAST-41 dashboard to accelerate its permitting. ",,,,," Located 35 km (x 0.62 for miles) west of the town of McDermitt (pop 124, 2020), Nevada, at the northern tip of Nevada on the Oregon border.",,,,,,,,The developer acquired the Project in 2018. By 2023 a total of 62 drill holes had supported increasing Mineral Resource Estimates.,,,,Developer envisions an open pit mining operation that processes ore onsite using sulphation roasting to produce battery-grade lithium carbonate. The developer is partnering with POSCO Holdings on tests of processing methods.,,,,,,,,,"Project encompasses 7,200 acres (BLM) and would require the construction of 30.2 miles of new access routes.",,,,,,,,
McGee, ,,,,"Spearmint is currently permitted by the BLM for 4 additional drill holes on the McGee Lithium Clay Project, building on its 2022 drilling on the property.  The 2022 drilling assessed the lithium resource potential west of the lithium mineral resource, building on the 2021 drilling program, which discovered a continuous, well mineralized section from near surface to a maximum depth of approximately 900 ft (274 m) below surface.",,,,,"Location: 34 miles west of the town of Tonopah (2,009, 2021), Esmeralda County, Nevada; southeast of Albemarle’s Silver Peak Mine.",,,,,,,,,,,,,,,,,,,,,The Project consists of 26 contiguous unpatented placer claims that span from McGee 30 to McGee 55 and cover 890 acres.  ,,,,,,,,
Mesaba,,,,"Site is a former iron mine, and adjacent to iron mines that are still operating.","In August 2024 the developer announced four new studies to enhance the sustainability of the project.  The study topics include tailings storage, water science, efficient production, and carbon reduction. The developer continues to invest in studies for the Mesaba project’s environmental and social baseline studies and complete expanded hydrologic and hydrogeological studies.  Ongoing work also addresses orebody knowledge and project development engineering options.",,,,,"Located in the Duluth Complex (rock formation), near the towns of Babbitt (pop 1,383, 2020) and Hoyt Lakes (pop 2,020, 2020), northeastern Minnesota; about one mile from site for PolyMet project. ",,,"New Range Copper Nickel LLC is a 50/50 joint venture established by Teck Resources and Glencore to develop the NorthMet and Mesaba deposits – two large, distinct, and well-defined copper-nickel PGM resources in the Iron Range mining region of Minnesota. The NorthMet project is further along in the development process than the Mesaba project.",,,,,,,,,,,,,,,,,,,,,Environmental groups have not been successful in combining Mesaba in the same lawsuits involving NorthMet.,,,,,
Miami Copper Operations,,"The Project includes an open-pit copper mine, a smelter and a rod mill. Miami is no longer mining ore, but currently produces copper through leaching material already placed on stockpiles, which is expected to continue through at least 2025.   ",,,"The developer, in a 2024 technical conference paper, reported on sustainability improvements at its Miami smelter operation.",,,,,"Located 90 miles east of Phoenix, near Miami (pop 1,532, 2023) and six miles west of the city of Globe (pop 7,249, 2020), Arizona. ",,,,,,,,,,,,"The Miami smelter processes copper concentrate primarily from the developer's Arizona copper mines. In addition, because sulphuric acid is a by-product of smelting concentrates, the Miami smelter is a significant source of sulphuric acid for the developer's North America leaching operations.",,,,,,,,,,,,,,,,,
Michigan Nickel-Copper Properties,,,,"New drilling, but two miles from current Eagle mine in Michigan.","The developer sought a lease from the Michigan Department of Natural Resources (DNR) to drill on more than 23,000 public acres in Baraga, Houghton, Iron and Marquette counties.  MDNR granted the lease in 2024. In October 2024 the developer announced discovery of new nickel-copper reserves at Boulderdash target.  ",,,,,"Located in the Upper Peninsula of Michigan, within 1.7 miles of the high-grade Eagle Nickel Mine — the only active nickel mine in the USA today — and only 0.4 miles from the Humboldt Mill (processing); The mine is located in Western Marquette County, Upper Peninsula, Michigan; closest town, 15 miles away, is Big Bay (pop 257, 2020); Marquette (pop 20,629, 2020) is 33 miles away. ",,,,,,"UPX is subsidiary of Sweetwater Royalties, see Note on change in ownership. ",,"Talon has entered into an option agreement with UPX to acquire up to an 80% ownership interest in the Michigan nickel properties. Under the agreement terms, Talon has agreed to a minimum spending obligation of up to $5 million in exploration expenditures or drilling of at least 7,500 meters.",,,"Nearby in Mercer County, North Dakota. ",,,,"In September 2023, the Department of Defense awarded Talon $20.6 million in grant funding from the Defense Production Act to explore and discover more high-grade nickel mineralization in Michigan and Minnesota. The Department of Defense also agreed to provide a grant of $20.4 million to help support exploration and the feasibility study.  In 2022 the U.S. Department of Energy awarded Talon $114 million to develop a nickel ore processing plant in Mercer County, North Dakota.",,,,,,"The developer acquired rights to explore for nickel on 400,000 private acres in the Upper Peninsula.  The developer has also requested a lease to drill on nearby public land. Michigan Department of Natural Resources granted 23,000 acres of mineral leases. ",,,,,,,,
Mission Complex,,,,,In 2024 the developer commissioned an analysis of options for a new tailings disposal area.  ,,,,,"Located north of the Mexican border, 10 miles from Sahuarita (35,638, 2022), 15 miles south of Tucson, Arizona; adjacent to the Twin Buttes mine and the Sierrita Mine. The mine is named for the nearby Mission San Xavier del Bac, an impressive and historic Franciscan mission dating back to the late 17th century.","Comprised of the Mission, Eisenhower, Pima, Mineral Hill and South San Xavier properties, as well as the neighboring North San Xavier mine.       ",,,,,,,,,,,"The Mission complex comprises open pit mining of the Mission, Eisenhower, Pima, Mineral Hill, North San Xavier and South San Xavier properties. The complex also includes two concentrator facilities, the Mission Mill (also known as the North Mill) and the South Mill. Underground mining stopped in 2003. The South mill was placed on ‘care and maintenance' in 2002 and re-opened in 2007. Control of dust emissions is a key operating priority with residential build up close to the mine-site.",,,,,,,,,,,," The developer and its unions have experienced a protracted labor dispute for several years. In 2024 the National Labor Relations Board was still prosecuting its 2022 case of unfair labor practices against Asarco in an ongoing trial before an administrative law judge in Phoenix. The unions also are pursuing more recent NLRB charges over Asarco’s allegedly unlawful withdrawal of union recognition at the Mission Mine in Sahuarita and the Silver Bell Mine near Marana. The NLRB has declined the unions’ request to hear those allegations as part of the larger pending case, but the agency has issued a complaint on those charges and plans to investigate and hear them separately. ",,,,,
Moonlight-Superior Copper,,,,Historical production of 161 million pounds of copper at 2.2% grade from 1915 to 1930; Placer-Amex owned site from 1962-1994.,Developer is now preparing to initiate an expansion drill program to include the higher-grade Superior and/or Engels deposits near the Moonlight deposit; initial version of PEA completed in 2018 under prior owner covered only Moonlight deposit. ,"Vesting Rights Issue -- Developer has requested vesting rights from the Plumas County Planning Department, which would allow developer to proceed with some permits and without an extensive California Environmental Quality Act analysis (request has led to community debates in associated public comment period).  Even if vesting is granted, a reclamation plan and adequate financial assurance for new mining must be approved by the County with input from the State.  The Plumas County Board of Supervisors adopted its first zoning ordinance on July 8, 1958, which has been identified as the date of vesting in the US Copper filing. Engels has been host to a range of different mining and forest activities over the years, before and after 1958.  In April 2024 the developer withdrew its request for vesting rights after County legal consultants concluded the case was not firmly established. The developer must strengthen the case or go through normal County permit procedures and California Environmental Quality Analysis.",,,,"Located 11 miles northeast of Greenville (pop 1,026, 2022, 75% of buildings destroyed in 2021 fire) in northeastern California near the Nevada line (100 miles northwest of Reno, Nevada).  ",,,"US Copper Corporation (Canada), since 2013 (previously several junior Canadian firms).",,,,,Placer-Amex was previous owner ,,17 years (Moonlight only).,,,,,,,,,,,Private (owned by California-Engles Mining Company which has leased the land for mining for several decades).  Developer acquired 132 unpatented claims and a lease for the 36 patents covering the Superior and Engels mines.  Developer controls 13 square miles of land.  Might eventually require use of adjacent Forest Service land.  ,,,,,,,,
Morenci,,,,Operational since the 1880s,"The Morenci mine is by far the #1 copper-producing mine in the U.S. According to one tally, it is the 7th largest copper-producing mine in the world; In June 2024 the CEO of Morenci stated her intention to aggressively increase production due to the heightened global demand for copper.  ",,,,,"Located 50 miles north of Safford (pop 10,271, 2020) in southeast Arizona.  ",,,"Freeport McMoRan (72%) has majority- Sumitomo (15%), SMM Morenci (13%).",,,,,,,,,"Processing on site, with plans to increase from 90,000 tonnes to 130,000 tonnes by 2024-2036.",,,"In March 2024 Freeport-McMoRan was selected to receive $80 million through a cooperative agreement with the U.S. Department of Energy for a project to use geothermal energy to heat leaching stockpiles in Morenci and Safford and integrate battery energy storage and microgrid operations to improve electrical reliability in Morenci. By using geothermal energy, the project aims to generate clean, industrial-scale heat to enable the recovery over time of billions of pounds of residual copper through the company’s Leach to the Last Drop initiative from already mined material previously considered unrecoverable. The project could increase copper recovery by 25 million pounds or more annually, depending on the geothermal resources.",,,,,,,,,,,,,,
Mountain Pass,,,,,The developer is implementing an expansion plan at Mountain Pass that led to a record level of output in early 2024. ,,,,,"Located in the Mojave Desert in southeastern California. Accessed through the Bailey Road exit from the Interstate 15; 9 miles from Nevada line and 60 miles southwest of Las Vegas and 30 miles from Baker (pop 442, 2020), California. ",,,,"The developer, which held unsuccessful merger talks this year with rival Lynas Rare Earths, has struggled in recent months (2024) with falling prices and stiff competition from Chinese rivals.",,,,"Mine purchased in 2017 from Molycorp, who in turn purchased the mine in 2007 from Chevron Corp.","15% of global demand, 38,500mt of rare earths in concentrate.",,"On site. Cost savings, as become only combined mine-processing facility in North America. China dominates global processing. MP Materials is investing $700 million to develop rare-earth processing capabilities in the U.S., including separating NdPr oxide at Mountain Pass and establishing a facility in Fort Worth, Texas to produce alloys and magnets for EVs; aiming to produce finished magnets by 2025.",,,,"$10 Million in 2020 to reopen after bankruptcy, later $35 million for processing facility on site. $58.5 million tax-credit allocation for construction of manufacturing facility. Section 48C Advanced Energy Project. The most recent award went to Lynas Corp for a new commercial-scale heavy rare-earth oxide production facility on the Gulf coast of Texas; Mountain Pass was seen as a possible supplier of some mined material.  ",,,,,"GM deal 2021, long term customer.",,,,,,,,,
Nikolai,,,,,"The Nikolai Project is comprised of two blocks of claims – Eureka and Canwell – that each host compelling nickel targets.  The developer’s 2023 drilling program explored Eureka while the 2024 program explored Canwell, which is 13 miles northeast of Eureka.  Both programs uncovered massive deposits of nickel, copper, and cobalt.  ",,,,,"Located 30 miles from village of Paxson (pop 26, 2020), 50 miles south of the City of Delta Junction (pop 958, 2010) on the southern flank of Alaska Range, 125 miles southeast of Fairbanks, Southeast Fairbanks Census area, Alaska. ",,,"Alaska Energy Metals Corporation (AEMC), USA (100% owner), company renamed early 2013, previously Millrock Resources Inc.",,,,,"Nico sold to Vale in the 1990s, which sold to junior miner Pure Nickel Inc (extensive drilling from 2007-2014), which sold data and rights to Millrock Resources, later renamed AEMC.",,,,,,,,,,,,,"The Eureka claim block consists of 104 State of Alaska mining claims (6734 hectares) and is 100% owned by the developer.  The Canwell claim block consists of 42 State of Alaska mining claims (2720 hectares), with an option to purchase 100% interest in the claims from the underlying owner. In total, the project covers 94.54 km2 (9454 hectares).",,,,,,,,
North Big Smoky,,Lithium clays and brine exploration.,,,2023-2024 included electromagnetic sounding and soil sampling and drilling in the Carvers area; followed by electromagnetic sounding in the Austin area.,,,,,"9 miles north of the village of Carvers; 45 miles north of town of  Tonopah (pop 2,478, 2010); Big Smoky Valley, Nye County, Nevada, 143 miles east of Reno.",,,"Morella Corporation (Australia) has a 60% earn-in interest through cash, stock and exploration and development progress.",,,,,,,,,,,,,,,,,," 3,400 acres (1,375 hectares); Claims divided into Carvers and Austin areas.",,,,,,,,
NorthMet,,,,,Minnesota Department of Natural Resources delayed permit decision until August 2025; Developer is working on new studies to enhance the sustainability of the project.,The Army Corps of Engineers – with support from Biden EPA – revoked a critical federal water-quality permit due to concerns that waste from mine construction might endanger the water quality of a nearby tribal community.,,,,"Located in northeast Minnesota, about six miles south of Babbitt (pop 1,397, 2020) and one mile south of the existing Northshore iron-ore mine. Processing of mined ore would take place at the former LTV taconite plant near Hoyt Lakes (pop 2,020, 2020). Situated within the Partridge River intrusion along the northern margin of Duluth Complex, a geological formation near the Mesabi Iron Range.",,,,,,,,"Project formerly called PolyMet. The ownership has been changed to a 50-50 joint venture of Polymet Mining (USA) and Teck Resources (Canada). The joint venture controls both the NewRange Copper Nickel deposit and Teck’s Mesaba deposit a few miles to the east.; In February 2023 the Swiss multinational Glencore became a 100% owner of the Polymet side of the joint venture.; Teck’s largest shareholder is the China Investment Corp., the sovereign wealth fund of the Beijing government, with a 10% stake.",,,,,,,,,,,,,,USFS Superior National Forest Service,,"After the developer obtained all necessary permits for the project,  a coalition of environmental and tribal groups initiated numerous lawsuits at different times and in different venues.  Those lawsuits challenged the validity of the land swap that allowed the developer to acquire crucial land for the project, the general permit to construct and operate the mine, the water quality permit, the air permit, and the dam safety permit related to waste management at the mine.  The plaintiffs had the most success with their challenges to the general permit to operate and construct the mine and their challenges to the water quality permit.  Both permits were ultimately overturned by the Minnesota Supreme Court.",,,,,
Palmer Copper-Zinc,,,,,"The 2024 drilling program was designed to continue testing the extent of the high-grade copper mineralization of the Palmer Deposit South Wall Zone 1 and Zone 2-3 and initial testing of the nearby North Wall Alteration Zone. Infill and geotechnical drilling over the last several years has been successful in increasing confidence in the known deposits; significant increases in the in-situ copper estimate, in addition to an overall increase in contained tonnes for the Project. More than USD$116M has been spent to-date at Palmer, with NI-43-101 mineral resources defined at the Palmer and AG deposits",,,,,"Southeast Alaska, 37 miles from the deep sea port at Haines (pop 1,657, 2020), Alaska.",,,,,,,,"Pursuant to the terms of the Purchase Agreement executed November 15th, 2024, Constantine North Inc., a wholly-owned subsidiary of American Pacific, has acquired Dowa's interest in Constantine Mining LLC (the ""Dowa Interest"") and Dowa has paid American Pacific USD$10,000,000 in exchange for providing an affiliate of Dowa with an option to acquire up to 50% of the zinc concentrate produced for the initial year of production and each subsequent year of production at the Project and the provision of certain indemnities in the Purchase Agreement. With the close of the acquisition of the Dowa Interest, American Pacific has a consolidated 100%-interest in the Project. ",,,,,,,,,,,,,,,,,,,,,
Panamint Playa,,,,,"Since at least 2019 indigenous groups and environmentalists have clashed with the developer over requests that BLM allow exploratory drilling at Panamint Valley.  In February 2024 the developer again submitted to BLM a plan of operations, a necessary step toward approval of an exploratory drilling program; despite some opposition, BLM approved the proposal in August 2024.",,,,,"Located immediately west of Death Valley National Park in California near the Nevada border; nearest towns are Pahrump (pop 44,738, 2020), Nevada, Searles Valley (pop 1,565, 2020), California, and Darwin (pop 26, 2020), California.",,,,,,"Founded in 2010; current project portfolio includes copper, gold, and lithium assets in the US, Kazakhstan, and Mongolia ",,,,,,,,,,,,,,,,,,,,,,,
Panther,,,,Has undergone small-scale past production at the historic Sweet Repose Mine.,"Koba is planning additional geochemical sampling, mapping and geophysical surveying to help delineate targets for drilling.; The project was actively explored between 2017 and 2018, when ePower Metals Inc (now Prime Mining Corp) collected a total of 1,534 soils samples, 53 surface rock samples and 29 underground samples; Koba Resources reports in its FY 2024 Annual Report that no significant work was done at its cobalt projects in FY 2024.",,,,,"Located 19 miles west of the town of Salmon (pop 3,295, 2023), central Idaho; 2 miles east of Jervois’ Idaho Cobalt Operation.",Blackbird District (2 miles to the northeast of the historic Blackbird Cobalt Mine).,,Koba Resources Limited acquired the site in November of 2021. ,,,,,Koba Resources was created when New World Resources (ASX: NWC) decided to spin-out its cobalt-copper assets.,,,,,,,,,,,,,870 hectare of public land; part of Salmon National Forest (USFS).  ,,,,,,,,
Paradox Lithium,,,,,"In 2024 the developer’s request that the State of Utah approve its plan for exploration ran into concerns from an unusually diverse array of players: a coalition of environmental groups, local nonprofits, some local government agencies, and three federal agencies: the Bureau of Land Management, the National Park Service, and the Bureau of Reclamation.  The state approved the developer’s plan.  ","Federal agencies have raised concerns about the developer's plans to access groundwater near the Green River, which connects to the Colorado River.  Utah regulators will make the final decisions about water permits. Update: in June of 2024, Utah state officials suspended a key water permit for the Paradox Lithium project following concerns from conservation advocates about potential contamination and water overuse in the Green River. September 2024: the state doubled down on its original decision to approve, while requiring that the developer demonstrate that the process is truly non-consumptive; developer will be subject to fines if water is consumed. ",,,,"Located in Paradox Basin (asymmetric foreland basin located mostly in southeast Utah and southwest Colorado), near Green River (pop 847, 2020) in southern Utah",,,"In June 2024 the developer announced collaboration with Koch Technology Solutions (KTS), a Koch Engineered Solutions (KES) company, for the commissioning of its Li-Pro™ process pilot unit for lithium extraction at the developer's Green River Lithium Project. The pilot will be jointly funded by the developer and an investment from KTS through a convertible note as the companies work to develop a further commercial relationship.",,,,,,,,,"Potentially developing a processing plan onsite, now in engineering stages.",,,,,,,,"In 2024 the developer completed negotiations with LG Energy Solution and executed its first binding offtake term sheet to supply battery-grade lithium carbonate. The agreement calls for the developer to supply up to 4,000 dry metric tonnes per year of battery-grade lithium carbonate. The associated volumes represent approximately 40 percent of the Project’s start-up production capacity of 10,000 tonnes per year.",,,,"In October 2024, a coalition of conservationists, businesses, and residents sued the Utah Division of Water Rights in the State’s 7th District Court in Moab to overturn the Division’s decision to approve water rights for lithium extraction.  The leader of the lawsuit is Great Basin Water Network.  The litigation was not resolved as of December 2024.",,,,,
Pea Ridge ,,,,Mining rare earths is a new development.,"The Pea Ridge mine would be among the first in the US to produce relatively large amounts of dysprosium, a critical element in electric motors.  The developer will use membrane solvent extraction technology to separate rare earths in mined ore through a licensing arrangement with the federal government’s Oak Ridge National Laboratory, a unit of the Department of Energy.  ",The regulatory requirements for management of radioactive thorium at the site could affect the commercial viability of the site and have slowed development. ,,,,"Located near Miramiguoa Park (pop 120, 2020) in southeast Missouri.",,,,,,,,,,,,Caldera Holding has licensed ORNL's membrane solvent extraction technique to separate rare earth elements in mined ore. ,,,,,,,,,,,,,,,,,
Pebble,,,,"Deposits discovered in 1987 by Cominco Alaska (Teck Resources Ltd.), optioned by Northern Dynasty Minerals in 2001, explored in 2002, and drilled from 2002-2013 with discovery of Pebble East in 2005. Preparation for the permitting process began and administrative review lasted over 13 years.  ","Advanced exploration, but delayed indefinitely","The developer has received multiple permits from the State for exploratory activities that have extended over a decade. In July 2020, the U.S. Army Corps of Engineers published a final environmental impact statement (EIS) recommending development of the Pebble project. However, the federal government reversed its position at the urging of advisors to President Trump.  Later in 2020 the Trump Army Corps of Engineers rejected a permit application regarding disposal of dredge material that was critical for project development. On January 31, 2023, the EPA under Biden (who had made a campaign pledge to stop the mine) effectively vetoed the project, using a rarely invoked power under Section 404 (c) of the Clean Water Act to restrict development to protect watersheds. The EPA action, which bans the disposal of mine waste in part of the Bay’s watershed, safeguards a much larger area than what the developer had proposed to mine. This is the 14th time in the history of the Clean Water Act and just the third time in the past 30 years that EPA has used this veto authority. The developer appealed the Army Corp decision, arguing that the decision was inconsistent with the EIA (which the Corps had led with multiple federal, state and local agencies) but the Corps refused to act on the appeal, citing EPA’s decision to put the land off limits to mining. Separately, the Conservation Fund, an environmental preservation organization, purchased conservation easements for 44,000 acres of land owned by a Native village corporation near Iliamna Lake, about 20 miles south of the proposed mine site and the area covered by the E.P.A. ruling. The easements effectively block development and would make construction of an access road more difficult.",Lake and Peninsula Borough.,,,"200 miles southwest of Anchorage, near headwaters of the Bristol Bay, 17 miles northwest of the village of Iliamna (pop 108, 2020), Lake and Peninsula Borough, southwest Alaska",,,,,,,,,"320 million lb. copper; 368,000 oz gold; 15 million lb molybdenum; 1.8 million oz silver and 10,000 kg rhenium. ",Mine's lifespan could be extended up to 100 years with mine expansions.,,"The open pit mine will feed a 180,000 copper flotation concentrator capable of processing 1.3 billion tons of mineralized material over 20 years of mining.  The PEA includes some expansion scenarios with a larger processing operation. ",,,,,,,,,"The developer holds mineral rights for 186 square miles (480 km2) of the area, an area that includes the Pebble deposits, as well as other, less explored, mineral deposits. ",,,"Developer and State of Alaska sued the Army Corps of Engineers in the US District Court for the District of Alaska. Seeking to override the permit denial. A separate lawsuit against EPA was filed by Iliamna Natives Limited and the Alaska Peninsula Corporation, alleging the EPA overstepped its authority with its final decision to block the Pebble Mine project; The State of Alaska has also sued the federal government seeking more than $700 billion in compensation in the US Court of Federal Claims in the District of Columbia. This is based on a 100-year estimate of what the mine would have done for economic development in Alaska; The developer has sued separately in the Federal Claims Court, citing that it has expended more than $1 billion acquiring the land and developing the site; the US Supreme Court in January 2024 declined to take up Alaska v United States, an emergency request from the State of Alaska to review the Biden EPA veto of the proposed Pebble copper and gold mine in the Bristol Bay watershed.  The Court’s decision forces Alaska to go through the lower federal courts with its concerns; the case could eventually make it to the Supreme Court for a merits ruling. ",,,,,
Pickett Mountain,,,,,"The developer tried twice to persuade the Maine Land Use Planning Commission to modify zoning law to allow the project.  After the second try, the Commission voted, in 2023, 5 to 2 against a zoning change.",Maine recently passed legislation that made securing the necessary permits for mining operations more intensive. The developer also faced zoning challenges that ultimately led to the proposed mine being delayed indefinitely; In 2023 the planning commission voted 5-2 against the rezoning petition from the developer. ,,,,"Located 10 miles north of Patten (pop 771, 2020), east of Baxter State Park, northern Maine.",,,,,,,,Land previously owned by Getty Oil & Chevron who let the mineral leases for the property expire in 1998; acquired by current owner in 2017.,,,,,,,,,,,,,Leased land.  6781 acres was acquired by Wolfden Resources in 2017 for $8.5 million.,,,,,,,,
Pinto Valley,                                                         ,,,,"In November 2021 the developer received final approvals from the US Forest Service for a new mine plan of operations, approved by the Tonto National Forest, extending Pinto Valley’s life to the year 2039.",The 2021 decision of the USFS to expand the mine is the subject of a lawsuit by Earthjustice and other environmental groups against the USFS.,,,,"Located 8 miles west of the town of Miami (pop 1,532, 2023) in central Arizona; 80 miles east of Phoenix via Highway 60. ",,,,,,,,Capstone acquired mine from BHP in October 2013. Capstone operates mine through affiliate Pinto Valley Mining.,,,,,,,,,,,,,,,,"In September 2024, conservation groups sued the U.S. Forest Service and U.S. Fish and Wildlife Service for violating the National Environmental Policy Act, Endangered Species Act, and other laws in approving expanded operations at the Pinto Valley Mine, east of Phoenix. The litigation was not resolved as of December 2024.        ",,,,,
Pope-Shenon,,,,"Produced about 5 million pounds of copper (underground) from 1909 to 1975, inactive since.",The developer did not announce activity in 2024.,,,,,"Located at the north end of the Lemhi Range, is near Baker (pop 68, 2020), central Idaho at the border with Montana; near entrance to Great Basin National Park; recent exploration work was 7 miles southeast of Salmon (3,295, 2023), Idaho.",,,,,,,,,,,,,,,,,,,,,Claims within Salmon National Forest,,,,,,,,
Ray,,,,,"The Ray Complex encompasses the Ray Mine and SXEW Plant, the Ray and Hayden Concentrators, the Hayden Smelter, and the Copper Basin Railroad.  The Hayden concentrator is located next to the Hayden smelter about 20 miles from the Ray mine. In 2009 the 9th Circuit, in a split (2-1) decision, blocked a land exchange that was crucial for an expansion of the Ray Mine.  In 2020 BLM under the Trump administration again approved the land exchange.  Meanwhile, the developer is planning to reopen the shutdown Hayden copper smelter, as there are only two operating smelters in the US: the Miami smelter in Arizona and Kennecott smelter in Utah. ","The expansion project which required a public land swap was delayed for 26 years, due to litigation and a ten-year NEPA process. ",,,,"Located 10 miles north of town of Kearney (pop 1,741, 2020), 80 miles southeast of Phoenix, Arizona. ",,,,,,,,,,,,,,,,,,,,,"The 2020 land exchange: the BLM acquired 7,298 acres of privately owned land; in exchange, the BLM transferred 9,339 acres of public land adjacent to ASARCO’s Ray Mine Complex and Copper Butte properties near Kearny, for mine expansion.",,,Federal appeals court issued a decision in 2010 opposing the land swap at the Ray Mining Complex in Arizona. The Bureau of Land Management (BLM) later approved the land exchange and addressed the court’s environmental concerns through a 2019 rulemaking. ,,,,,
Resolution Copper,,,,,"Developer activity at the site has been delayed by multiple lawsuits but in 2024 the USFS said it plans to re-publish an environmental report before July that will set in motion a land swap between the U.S. government and Rio Tinto, allowing the miner to develop its Resolution Copper project in Arizona. The developer’s new schedule for the delayed mine calls for production to begin by the end of the decade.; In 2025, this project was added by the Trump administration to the FAST-41 dashboard to accelerate its permitting. ","Delays have occurred due to litigation over whether the mine would infringe on the religious rights of the Western Apaches, who believe the site is home to the ga'an or Mountain Spirits and has for centuries been the site of ceremonies for the Western Apaches.  The Forest Service, under the Biden administration, delayed approval of the project during the appeals process, citing the need for more consultation with the Western Apaches.  The 9th Circuit Court rejected the suit by the Apache tribe and approved the land swap, which could allow the developer to begin production by 2030.",,,,"Located 60 miles east of Phoenix, Arizona, near the town of Superior (pop 2,407, 2020) in northern Pinal County.  Superior was founded as a mining town for the Silver King and the later Magma mines; silver was mined at first, and then copper.",,,,,,,,,25% of America's copper needs- largest copper mine in US.,,The developer has plans to smelt the copper in Utah.,,,,,,,,,,,,,"In 2014 the U.S Congress approved a land swap, which gave the developer the rights to access a region of land in central Arizona (near Superior, Arizona) called Oak Flat, which was previously withdrawn from development.  Apache Stronghold, a Western Apache group, sued the US Fish and Wildlife Service on the grounds that the land swap violates the First Amendment of the US Constitution as well as tribal land management statute and a US treaty with tribes regarding consultation and governance. In March 2024, Ninth Circuit U.S. Court of Appeals ruled, in a divided 6-5 decision, that a land swap between the federal government and Resolution Copper could move forward despite a request by the Tribe to halt the exchange. In May of 2025, the US Supreme Court, in a 6-2 decision (with Justice Alito not participating), declined to block the transfer of Oak Flat for mining, leaving the lower court’s ruling in place.; In 2023 the Arizona Supreme Court vacated a lower court ruling that the state should not have granted a water permit, because the expansion of the existing mine was a new pollutant source that could damage the Queen Creek (desert) river. The US Supreme Court declined to hear the issue on appeal regarding the granting of a water permit. ",,,,"The federal district court upheld the land swap, a split panel (2-1) of the 9th Circuit upheld the land swap, and the entire 9th Circuit upheld the land swap 6-5.  The Supreme Court has not yet decided whether to hear an appeal.",
Rhyolite Ridge,,,,"Although the area has not previously been mined, it has been explored off and on for decades. The earliest known boron exploration activities began in the 1890s. More recent exploration activities occurred in the 1960s, the 1980s, the 1990s, the 2010s, plus there is the recent exploration by the current developer. In 2025 the developer delayed onset of construction to 2026 to allow time for recruitment of a new financial partner. ","The project is fully permitted and construction has begun. The developer projects that active production could occur by 2028, assuming no judicial setbacks.            ","A multi-year delay in federal permitting occurred due to concerns that the project could harm the habitat of a rare desert flower (Tiehm's buckwheat). The Fish and Wildlife Service designated 910 acres of critical habitat on lands managed by the Bureau of Land Management in the Rhyolite Ridge area of the Silver Peak Range in Esmeralda County, Nevada, to help conserve the imperiled plant. The developer modified the location of the mine to minimize the Project's risk to the flower while also pledging use of advanced dust-suppression methods to further protect the flower.  ",,,,"Located approximately 14 miles northeast of Dyer, Nevada. It is 65 miles southwest of Tonopah, Nevada (closest city), 215 miles from Reno (third largest city in Nevada), and 255 miles from Las Vegas (largest city in Nevada). Situated in the Silver Peak Range, part of the Basin and Range physiographic province of southwestern Nevada. Esmeralda County, which has no incorporated communities, is the least populated county in the state of Nevada; the county seat is the town of Goldfield.",,,"Ioneer spent about $172 million over eight years (2017-2024) to develop the project. In September 2021, Sibanye-Stillwater entered into an agreement with Ioneer to establish a joint venture company with respect to Rhyolite Ridge. Sibanye-Stillwater may acquire up to a 50% interest in the Joint Venture, with Ioneer maintaining a 50% interest and retaining operational management responsibility for the Joint Venture. In early 2025 Sibanye-Stillwater, citing financial concerns, withdrew from its partnership with Ioneer. In 2025 the developer was seeking a new partner.",,,,,,,,"The Rhyolite Ridge Project is planned to consist of an open pit lithium and boron mine (referred to as a Quarry in the Water Pollution Control Permit Application), an Overburden Storage Facility (OSF), a processing plant, a Spent Ore Storage Facility (SOSF), and a sulfuric acid plant (SAP).",,,,In 2022 the DOE offered a conditional loan of up to $700 million to support the costs of constructing the processing facility. In early 2025 DOE upped the size of the loan to $996 million.,,,,,"The developer has signed binding offtake agreements with Ford Motor Company, with Prime Planet Energy and Solutions (a joint venture of Toyota and Panasonic), EcoPro Innovation, and Nevada-based Dragonfly Energy.",,,,"One lawsuit concerned whether USDA Fish and Wildlife Service should list Tiehm's buckwheat as endangered under the ESA. The second lawsuit, in 2024, challenged BLM's decision to approve the mine, given the ecological risks involved. ",,,A federal judge ruled in favor of CBD that the USDA Fish and Wildlife Service must rule within 30 days on CBD's petition to list Tiehm's buckwheat as an endangered species under the Endangered Species Act. A coalition of more than 100 scientists and botany groups had urged US F&W Service to list Tiehm’s buckwheat as endangered under the ESA.  ,,
Rock Creek,,,,,"The current developer withdrew the Plan of Operations for Rock Creek from consideration by the United States Forest Service (USFS).  This plan was prepared by the project’s prior owner and does not have the data necessary to inform the current developer's plan.  Recently, the current developer decided to give priority to the nearby Montanore project, which made Rock Creek a secondary priority.                                                          ","Coalition of tribal and environment groups led by Earthjustice persuaded a state district court judge that the state did not adequately consider the environmental impacts of the project, invalidating the water permit. The Montana Supreme Court ruled 5-2 that the state had adequately considered the environmental impacts. ",,,," Five miles northeast of Noxon (pop 464, 2020), western Montana. Site is located on the Clark Fork River, which flows into Lake Pend Oreille.",,,,,,,,June 2015 Hecla acquired the Rock Creek Project through purchase of previous developer Revett Mining Company.,,,,,,,,,,,,,,,,"In 2019 a state district court invalidated the developer’s permit to operate based on the allegation of environmental groups that the state had not adequately considered the environmental impacts of the mine.  In 2021 the Montana Supreme Court overruled the district court 5-2, thereby affirming the developer’s permit. ",,,,,
Roundtop,,,,,"The strategy with Round Top is to formulate a metallurgical process to concentrate or extract metals from the Round Top Project’s rhyolite, conduct additional engineering, design, geotechnical work, and permitting necessary for a bankable feasibility study, and then extract mineral resources.",,,,,"Located at Round Top Mountain near town of Sierra Blanca (pop 315, 2020) in far west Texas near the Mexican border.  El Paso is approximately 80 miles north-west of the project site.",,,,,,USA Rare Earth is entitled to acquire a 70% interest in the project by spending $10m for the finalization of processing technology and the completion of a bankable feasibility study (BFS). The developer also has an option to acquire an additional 10% interest through a $3m cash payment to TMRC,,,,,"Successful pilot plant in Wheat Ridge, Colorado; plans to move operation to Texas",,,,,,,,,,"Texas General Land Office. The developer holds 19-year renewable leases from the State of Texas on 950 acres encompassing Round Top and additional prospecting permits on adjacent areas covering an additional 9,345 acres.",,,,,,,,
Safford,,,,,"Safford is a mine-for-leach operation that produces copper cathode. The operation consists of three open pits, of which only Lone Star is currently being mined, feeding a crushing facility.  The developer continues to advance plans at Safford/Lone Star to increase volumes to achieve 300 million pounds of copper per year from oxide ores, which reflects expansion of the initial design capacity of 200 million pounds of copper per year. Positive drilling conducted in recent years indicates opportunities to expand production to include sulfide ores in the future. The developer is completing metallurgical testing and mine development planning and expects to commence pre-feasibility studies during 2024-2005 for a potentially significant expansion.",,,,,"Located 8 miles from Safford (pop 10,129, 2020), county seat of Graham County, southeast Arizona, 170 miles east of Phoenix.",,,,,,,,The mine was established in 1907. Ownership changed hands several times before current developer acquired it.  , 21 million pounds of molybdenum a year as well,,,,,,"In March 2024 Freeport-McMoRan was selected to receive $80 million through a cooperative agreement with the U.S. Department of Energy for a project to use geothermal energy to heat leaching stockpiles in Morenci and Safford and integrate battery energy storage and microgrid operations to improve electrical reliability in Morenci. By using geothermal energy, the project aims to generate clean, industrial-scale heat to enable the recovery over time of billions of pounds of residual copper through the company’s Leach to the Last Drop initiative from already mined material previously considered unrecoverable. The project could increase copper recovery by 25 million pounds or more annually, depending on the geothermal resources.",,,,,,"In September 2005, as part of a land swap, Phelps Dodge (which was subsequently purchased by Freeport-McMoran), transferred 3,867 acres of scattered ""environmentally sensitive"" land to the Bureau of Land Management (BLM) and purchased 16,297 acres, located next to where the Safford mine is located, from the BLM. ",,,,,,,,
Salton Sea (ATLiS),,"The developer will use ILiAD technology (developed by company) to separate lithium into useable form. The technology has been piloted with various brine resources across the United States and internationally, including in Utah, Texas, and Nevada, in addition to onsite in California.","The brine features additional recoverable critical minerals supporting America’s industrial base, including zinc and manganese, which ATLiS expects to extract and commercialize.   ",,The Imperial County Planning Commission has approved all aspects of the Project and the developer is working to secure the necessary financial support.  ,,,,," The nearest town Calipatria (pop 6,515, 2020), is about 23 miles from El Centro (pop 44,432, 2020), which is the county seat of Imperial County in southeastern California; over 100 miles east of San Diego. The Salton Sea is a shallow, landlocked, highly saline endorheic lake in Riverside and Imperial counties at the southern end of California. It lies on the San Andreas Fault within the Salton Trough, which stretches to the Gulf of California in Mexico.",,,,,,,,,,,"The facility will be sited next to an existing geothermal plant, which will supply the lithium-rich brine from the subsurface geothermal field located over one mile underground. After impurities are removed from the brine, the lithium will be separated out using the ILiAD™ DLE technology. ",,,,"In January 2025, DOE announced a direct loan of up to $1.36 billion to finance the construction, equipping, and operation of the facility in Imperial County, California, to produce lithium hydroxide from geothermal brine. ",,,,,,,,,,,,,,
Salton Sea (BHE),,"Like other developers applying direct lithium extraction technology in the Salton Sea, this developer has experienced some technical difficulties with corroded equipment from the superhot brine, but technical progress has been made. ",,,"In 2024 the California Energy Commission issued its Final Project Report on the developer’s Lithium Recovery Demonstration Project.  The report documented that the Project faced setbacks, leading to the termination of the technology provider's contract due to insufficient progress.  This underscored the significance of brine pretreatment to successful lithium recovery, prompting a shift to alternative technologies focused on enhancing this process. While the Project is considered to be delayed indefinitely, a new joint venture may bring new life to the project.  In June 2024, Occidental and BHE Renewables, a wholly owned subsidiary of Berkshire Hathaway Energy, announced a joint venture for the demonstration and deployment of TerraLithium’s Direct Lithium Extraction and associated technologies to extract and commercially produce high-purity lithium compounds from geothermal brine.  TerraLithium, a wholly owned subsidiary of Occidental, has patented DLE technologies that have the potential to process any lithium-containing brine into a responsibly sourced supply of high-purity lithium.",,,,,"The nearest town Calipatria (pop 6,515, 2020), is about 23 miles from El Centro (pop 44,432, 2020), which is the county seat of Imperial County in southeastern California; over 100 miles east of San Diego. The developer already has 10 geothermal plants in the Salton Sea region, with a demonstration of lithium extraction in the Imperial Valley at the southern end of the Salton Sea in southeastern California.   The Salton Sea is a shallow, landlocked, highly saline endorheic lake in Riverside and Imperial counties at the southern end of California. It lies on the San Andreas Fault within the Salton Trough, which stretches to the Gulf of California in Mexico.",,,,,,,,,,,,"Originally the plan was to process onsite to lithium hydroxide, but the developer switched to lithium carbonate; easier to process but hydroxide is preferred by some EV battery manufacturers. ",,,This grant was rescinded when the developer decided not to pursue the terms of the award.,,,,,,,,,,,,,,
Salton Sea (CTR),,Direct lithium extraction- ion-exchange technology.  ,,,The project is fully permitted and in January 2024 the developer broke ground on a commercial-scale facility to produce both renewable power and lithium hydroxide. ,,,,,"The project’s plants and facilities will be located on undeveloped land owned by the Imperial Irrigation District, which is about 3.6 miles southwest of Niland on 16 parcels. The Salton Sea is a shallow, landlocked, highly saline endorheic lake in Riverside and Imperial counties at the southern end of California. It lies on the San Andreas Fault within the Salton Trough, which stretches to the Gulf of California in Mexico.",,,"Controlled Thermal Resources Holdings, Inc. (CTR) is a U.S. company specializing in lithium and battery material products and renewable energy with projects in advanced development in the United States.  The company, which redomiciled to the United States in 2022, was established in 2013 in Australia but now has headquarters in Imperial County, California. Additional offices are located in Brisbane, Australia, and in Houston, Texas. ",,,,,,,,,,,,,,,,,"The developer has offtake agreements with General Motors, Stellantis and Statevolt (US battery manufacturer). ",,,,,,,"A California Superior Court judge (lowest level) has ruled against environmental and tribal groups, allowing the CTR DLE project at the Salton Sea to proceed. The judge ruled that the County did analyze the environmental impacts and did reach out to the tribes for their views. The plaintiffs have appealed to a higher state court (2025). ",,
Sawyer Camp,,,,,,,,,,"Upper Peninsula, Michigan.  The Sawyer Camp is located approximately 38 miles to the south of the active Eagle Mine (nickel), which is owned by Lundin Mining Corporation ",,,,,,,,,,,,,,,,,,,,,"1,840 acres of State and private mineral rights. ",,,,,,,,
Sheep Creek,,,,"Commercial mining hasn’t taken place in the Bitterroot National Forest for decades. Previous mining activity in the Forest includes the Skalkaho Vermiculite Deposit in the Sapphire Mountains east of Hamilton, but mining hasn’t taken place for decades. The most recent activity was an EIS (environmental impact statement) approved in 1993, but the mine never went into operation and the disturbance has since been reclaimed.","The developer’s original plan was to submit in 2024 a plan of operations to the USFS that includes exploratory drilling.  However, the developer decided to delay that submission until 2025 as it consults with nearby communities and completes low-disturbance soil and rock sampling.",,,,,"Located 38 miles south of Darby (pop 780, 2020) near the headwaters of the Bitterroot River in the Bitterroot National Forest (south of the Painted Rocks Reservoir), southwest Montana.",,,,,,,,In 2024 the Canadian-based company U.S. Critical Metals pulled out of the project but retains a 12% stake in U.S. Critical Materials.,,,,,,,Small amounts of DOE and DOD R&D funding.,,,,,,"Contiguous footprint of over 218 federal lode mining claims over approximately 4,503 acres plus an Arizona state exploration permit for 640 acres.",,,,,,,,
Sierrita,,,,"Started as underground mine in 1920s, then open pit method in 1945.",Serrita is the third largest copper-producing mine in the US and has sufficient reserves to be operated past 2090. Project has 873.6 million tonnes of ore grading 0.36% copper.,,,,," Located southwest of Tucson and west of the near towns of Green Valley (pop 22,616, 2020) and Sahuarita (pop 34,134, 2020), close to the Mexican border. ",,,,,,,,Claimed in 1882 and changed hands several times before FCX acquired it. Current developer acquired it in 2007.,,,,"Some processing occurs on site.  Looking forward, SX/EW plant will produce approximately 9 million pounds per year of copper cathode from solution generated by low-grade stockpile leaching.
A pressure-leach plant will process molybdenum concentrate.  ",,,,,,,,,,,,,,,,,
Silver Bell,,Shift from underground to surface mining occurred after World War 2.,,,"A major expansion of the mine is unlikely. More copper resources may exist east and west of the currently active mining area, but that ground is effectively off-limits because it lies within Ironwood Forest National Monument.","Silver Bell is an active mine with expansion potential east and west of the current footprint. However, that ground is off-limits because it lies within the Ironwood Forest National Monument. Congress has generally placed land around National Monuments off limits to mining.",,,,"Located next to the Ironwood Forest National Monument near Mirana (pop 51,906, 2020), 36 miles northwest of Tucson, Arizona.  Silver Bell is an abandoned mining town that existed twice. The project site is 4 miles southeast of the original town site.",,,,,,,,"ASARCO acquired the site in 1915.  Sold 25% interest to Mitsui in 1996.  Resumed 100% ownership in 2014. ASARCO owned by Grupo Mexico, largest mining company in Mexico. ",,,,"Copper-bearing solutions from the dump leach and rubble areas are collected and pumped to the solvent extraction plant where the copper in solution is concentrated over 30 times before being pumped to the tank house. In the tank house, the copper is recovered from solution using the electrowinning process and plated on stainless steel starter sheets as high-purity cathodes.  Cathode copper produced in the solvent extraction / electrowinning (SX/EW) operation is sold to producers of copper rod, tubing and wire.",,,,,,,,,,,,,,,,,
Silver Peak,                                                                                                                                                                                                                                                                                                                                                                                       ,,,,"The developer was doubling production at Silver Peak when the global lithium slump caused financial problems (2023-2024) for the developer.  It is not yet clear whether the expansion will be delayed or pared back.; In 2025, this expansion project was added by the Trump administration to the FAST-41 dashboard to accelerate its permitting.   ","While Albemarle was initially granted all the water rights in the county, with more lithium companies beginning operations in the area, they have had to defend their water rights in judicial and regulatory proceedings.",,,,"Located 40 miles southwest of Tonopah (pop 2,179, 2020), near town of Silver Peak (pop 213, 2022), Clayton Valley, western edge of Nevada near the California line. ",,,,,,,,,,,,"Onsite chemical processing makes it into lithium carbonate; a small lithium hydroxide conversion plant operates on site. Some of the carbonate from Silver Peak is sent to Albemarle’s processing facility in Kings Mountain, North Carolina. There it can be further refined into lithium hydroxide, which is used for electric vehicle batteries.  First stage processing: brine is taken to an on-site plant, where lime and soda ash is added to further the transformation; it is then filtered, pressed and dried into lithium carbonate. ",$30-50 million for expansion project ,,$9.3 million of a $30 million DOE grant (2024) to Albemarle will be used to support expansion of lithium carbonate production at Silver Peak. ,,,,,,"Public and Private: 6,068 acres is private land owned by – or leased to – Albemarle; another 1,318 acres is on public land administered by the BLM.  ",,,"There is a long history of litigation over water rights in water-stressed Clayton Valley, Nevada as Albemarle claims almost exclusive access (as it operates the Silver Peak lithium mine and has expansion plans).  Other developers have sued Albemarle seeking access, claiming that Albemarle is not using all of its allotted water rights and they don't last forever.  One developer, Nevada Sunrise, was in litigation with Albemarle from 2017-2019 and finally reached a settlement in July 2019.            ",,,,,
Smackover-LANXESS,"Also called Phase 1A Project. The LANXESS Project refers to a suite of contemplated staged expansion projects relating to the LANXESS South, Central, and West Brine Production Units. This Commercial Lithium Extraction Plant Project at
LANXESS South Plant (Phase 1A or Project) is the first stage of development of the LANXESS Project.
                                                                                                                                                                                                                                                                                                                                           ","The developer has selected the Lithium Selective Sorption (LSS) process as the Direct Lithium Extraction (DLE) process for the project. LSS is a Koch Technology Solutions, LLC (KTS) proprietary technology to extract lithium ions from pre-treated Smackover brine.",,,                                                  ,,,,,"Located 8 miles southwest of El Dorado, a city in and the county seat of Union County, on the southern border of Arkansas. The Smackover Formation is a limestone aquifer that spans across several states in the southern United States, including Texas, Arkansas, Louisiana, Mississippi, and Alabama. It includes a broad area of oil and gas production and a region of active production of bromine. While the area is now mostly emptied of fossil fuels, it is filled with a brine that contains lithium, perhaps the highest lithium concentrations in continental brines in the United States. ",,,,,,,,,,,The developer is looking into constructing a facility to process Li into Lithium Carbonate at the El Dorado facility.,,,,January 2025 DOE grant ($225 M) to Standard Lithium for construction of DLE facility in Arkansas (Smackover),,,,,,"LANXESS, a specialty chemicals company, has exclusive brine extraction rights for 149,442 acres which is contained within three brine production units, known as the South, Central, and West Brine Units.                   ",,,,,,,,
Smackover-XOM/Galvanic,,"The developer will use conventional oil and gas drilling methods to access lithium-rich saltwater from reservoirs about 10,000 ft underground, and then apply direct lithium extraction (DLE) technology to separate lithium from the saltwater.  The remaining saltwater will be reinjected into the underground reservoirs. ",,,The developer plans to begin production in 2027.  Development may be slowed by the State of Arkansas's slow pace in resolving the size of royalties.  ,,,,,"Located approximately 15 miles west of the City of Magnolia in Lafayette County, southwestern Arkansas, United States. The SWA Property lies wholly within Lafayette and Columbia counties. The Smackover Formation is a limestone aquifer that spans across several states in the southern United States, including Texas, Arkansas, Louisiana, Mississippi, and Alabama. It includes a broad area of oil and gas production and a region of active production of bromine. While the area is now mostly emptied of fossil fuels, it is filled with a brine that contains lithium, perhaps the highest lithium concentrations in continental brines in the United States.  ",,,,,,,,"The developer acquired its Smackover rights from Galvanic Energy in early 2023. Building on the deal with Galvanic, the developer entered into a partnership with Tetra Technologies Inc. to jointly develop 6,100 lithium-rich Smackover formation acres.",,,,"Once lithium is extracted from brine, the developer will convert it onsite to battery-grade material.",,,,,,,,,"The SWA Property is comprised of 489 land tracts containing 851 individual leases and eight salt water (brine) deeds that covers 27,066 net mineral acres (10,953 net mineral hectares). The proposed unitized SWA Property encompasses 36,839 gross mineral acres (14,908 gross mineral hectares) and forms the updated 2023 resource and project area. The leases and deeds are held by TETRA. TETRA began acquiring brine deeds and/or brine leases in 1992 and added additional brine leases in 1994, 2006 and 2017. Standard Lithium acquired the SWA Project brine production rights to lithium directly from TETRA through an option agreement providing that Standard Lithium makes annual payments.",,,,,,,,
Sunnyside Copper,                                                                                                                                                                                        ,,,,"The developer’s 2024 diamond core drilling program revealed high-grade copper-silver and lead-zinc-silver veins, underscoring the promise of the project.","A previous developer was awarded a permit by USFS for exploratory drilling but, in 2015, environmental groups persuaded a district court that USFS had not performed an adequate NEPA analysis.  Further delays occurred when the previous developer and another developer disputed land rights around the project.  The current developer again obtained a USFS permit for exploratory drilling and, in 2023-2024, worked with the USFS to defeat another lawsuit against USFS, which called for a preliminary injunction against the exploration permit based on environmental concerns. A key theme of this lawsuit is that USFS allegedly failed to consider the cumulative harm from multiple mining projects in the same mountainous ecosystem.        ",,,,"Located 20 miles north of the Mexican border, 7 miles from the town of Patagonia (pop 804, 2020), 15.5 miles northeast of the Town of Nogales (pop 19,770, 2020) in southern Arizona; about 50 miles south of Tucson in the in southern Patagonia mountains. ",,,,,,,,The developer acquired 100% ownership of the project from Ragsdale in May 2021.  Previously it was a joint venture.       ,,,,,,,,,,,,,,,," In the first case, environmental groups persuaded a federal district court (2015) to block an exploratory drilling plan until the USFS and the developer completed an adequate environmental analysis (EA). The USFS had granted the developer a categorical exclusion for an EA under NEPA because of the limited duration and scope of the exploration plan.   In the second case, environmentalists in 2023 sought a preliminary injunction against exploratory drilling at the site.  A federal district court and the 9th Circuit refused to grant the injunction; the merits of the lawsuit are being heard in the federal district court in 2024.                         ",,,,,
Tamarack , ,,,,"Talon’s proposed nickel-copper-cobalt mine is currently being submitted for federal environmental review. Once approved, it could potentially enter production as soon as 2028.    ","In 2024, the developer submitted its seventh exploration plan, seeking agency approval. Concerns have been raised by both tribal and environmental groups. ",,,,"Located 1.5 miles north of Tamarack (pop 57, 2020), 10 miles east of McGregor (pop 384, 2020), and 30 miles west of Cloquet (pop 12,568, 2020) in central Minnesota; around 130 miles north of Minneapolis and 50 miles west of Duluth.",,,,,"The project is being developed through a joint venture with Kennecott, a subsidiary of Rio Tinto.","Talon Metals owns 51% of the Tamarack project. The other 49% is owned by Kennecott- Exploration Company, a subsidiary of Rio Tinto.",,,,,Processing will occur in a nearby town in North Dakota. ,,,,"DOE $114 million grant for a processing plant in nearby North Dakota. Talon has also been awarded $21 M from DOD, some which may be used at Tamarack. In 2024, the US Department of Defense awarded Talon a $2.4 million contract to aid research and development into new techniques for extracting minerals from nickel sulphide ores and tailings. The research will focus on the Tamarack project. ",,,,,"Talon has an agreement with Tesla Inc. to supply 75,000 metric tonnes (165 million lbs) of nickel in concentrate (and certain by-products, including cobalt and iron) from the Tamarack Nickel Project over an estimated six-year period.","90% state owned lands, 10% private land.",,,,,,In early stages of environmental review but may face obstacles similar toTwin Metals. ,,
Thacker Pass,,,,,"The fully permitted project is now under construction, with full production scheduled for 2028.","The project was delayed several years due to permitting delays and lawsuits related to the concerns of ranchers, environmentalists and tribal groups.  Regulatory deliberations may not have ended: The USFS has initiated a one-year study of an endangered snail at the project site. ",,,,"Located 21 miles west-northwest of Orovada (pop 117, 2020) and 60 miles north-northwest of Winnemucca (pop 8,431, 2020) within the McDermitt Caldera (an old volcanic complex on the Nevada-Oregon border); 200 miles north of Reno in northwest Nevada",,,,,,,,,,,,,,, DOE loan in final stages: $2.62 billion for lithium carbonate processing facility.,,,,,"GM has restructured and expanded financial commitment to Thacker Pass. GM will invest $625 million in Thacker Pass (a 38% stake), Lithium America’s retains majority (62% stake). GM’s original plan was to invest only $328 million in the first phase.  GM receives exclusive rights to output from mine for first 20 years, then 38% of mine’s output in second 20 years. Orion Resource Partners has also invested $250 million in the Thacker Pass Phase I Project, which now means – counting Orion support, GM support and DOE support – the Phase 1 of the Thacker Pass project is fully funded.",,,,"There were two lawsuits against BLM's decision about Thacker Pass in the same federal court. The first one focused on the environmental impacts and was led by a rancher, environmental groups, and two tribes. The second brought in additional tribes and focused on whether BLM engaged in proper consultation with the tribes. The plaintiffs lost the original lawsuit  in both the district court and the 9th Circuit. The second one lost in district court and the tribes decided not to appeal to the 9th Circuit. ",,,,,
TLC ,,,,,The 2024 drilling program will allow an update to the January 2023 resource estimate.  Environmental baseline study work and hydrology/water monitoring are on-going as the developer readies to commence the Mine Plan of Operations permitting process.,,,,,"Located 6 miles northwest of Tonopah (pop 2,179, 2020) in the Big Smoky Valley, halfway between Reno and Las Vegas. ",,,,,,,,,,,,,,,,,,,,,,,,,,,,,
Tohono,,,,,,,,,,"Approximately 25-30 miles south of Casa Grande, near the village of North Komelik, Pinal County, southwestern Arizona.",,,,,,,,,,,,,,,,,,,,,"Developer has 4,180 acres of land leased from the Bureau of Indian Affairs and the Tohono O’odham Nation.",,,,,,,,
Tonopah Flats,,,,"Production ended in 1982, peak production in 1953.","2023 drilling program led to updated mineral resource estimates in a 2024 technical report.  Since Tonopah Flats is an unconventional claystone resource, the developer has advanced first-of-kind lithium hydroxide extraction and purification processes specific to the site’s claystone material.  In 2024 the developer finished construction of an integrated pilot scale facility to demonstrate these processes.",,,,,"Located in Big Smoky Valley 5 miles west of town of Tonopah (2179, 2020) between the San Antonio Mountains to the east and the Monte Cristo Mountains to the west. Tonopah is located at the junction of U.S. Routes 6 and 95, approximately midway between Las Vegas and Reno, Nevada.",,,,,,,,,,,,,,,"The developer has received a DOE grant to help finance a commercial scale lithium hydroxide refinery, a DOE grant for a demonstration facility of techniques to convert claystone into lithium hydroxide, and multiple DOE tax credits for battery recycling facilities. ",,,,,,,,,,,,,,
Tormey,,,,,"The developer plans a 2500m drill program to test the extensions of  high grade surface zones at depth.  In September 2022 USFS approved drilling 30 holes averaging 1,000 on 10 drilling pads along Torney Creek and Perreau Creek.",,,,,"Located approximately 10 miles southwest of Salmon (pop 6,274, 2022), Lemhi County, Idaho.",,,,,,,,,,,,,,,,,,,,,Salmon-Challis Forest,,,,,,,,
Twin Metals ,                                                                              ,,,,"Under the Biden administration, the developer’s leases were canceled and a 20-year moratorium was placed on underground mining in the Superior National Forest. Recently (late 2023), the developer obtained permission from the state to explore on nearby state-owned land not covered by the federal moratorium. ","The Obama, Trump and Biden administrations flip flopped on the validity of the developer’s leases, which were invalid as of December 2024.  The developer was unsuccessful in the first round of litigation (2022) aimed at restoring the leases; in November 2023 the developer appealed that decision to the D.C. Circuit Court of Appeals. The DC Circuit may not reach a verdict, since the Department of Justice under President Trump may request that the Trump administration be given an opportunity to resolve the issue.  President Trump has pledged to allow the project to move forward, but a complex bureaucratic process is required to make that happen.",,,,"Located 9 miles southeast of Ely (3,268, 2020) and 11 miles northeast of Babbitt (pop 1,397, 2020) in northeastern Minnesota. The site is part of the  Duluth Complex geologic formation and is located near the Boundary Waters Canoe Area Wilderness.",,,,,,"A local Duluth-based company explored the site and then partnered with a Chilean-based multinational to help finance and develop it.  The two companies formed Twin Metals Inc, the current developer.",,,,,,,,,,,,,,,,,,"The first case addressed whether the Trump administration (2017), through BLM, was allowed to reinstate the leases for Twin Metals that the Obama administration had cancelled (2016). A federal district court ruled that the leases were reinstated lawfully.  When the Biden Administration, through BLM and USFS, rescinded the leases again, and the developer sued, a federal district court (2023) ruled that the rescissions were lawful. The developer sued to regain the leases but lost its suit in federal district court. The developer appealed to the DC Circuit Court of Appeals, which was deliberating in 2024.                            ",,,,,
Utah Lithium,,,,,"The developer has already compiled detailed datasets relating to historic well logs, petrophysics, stratigraphy and local geology, Going forward, the developer will conduct exploration work toward the upgrade of the Mineral Resource from Inferred to Indicated in accordance with JORC 2012; sample existing wells (and potential drilling of new well(s)) to obtain brine to verify historical lithium-brine geochemical results; conduct initial mineral processing test work to validate the potential extraction of lithium from Paradox Basin brine; and identify the reservoirs and/or areas with the greatest lithium-brine potential.",,,,,"Closest towns are Moab (pop 5,366, 2020), Grand County, southeastern Utah and Grand Junction, western Colorado. (Located in Paradox Basin:  Intreprid Potash’s Cane Creek potash mine is 32 miles to the northwest; Anson’s lithium project is 38 miles to the northwest). ",,,,,,,,"The developer confirmed partial acquisition of the Utah lithium project in May 2023, securing over 80,000 acres prospective for lithium brines in the Paradox Basin. It now fully owns 93,755 acres, or 379 square kilometers.",,,"Plan for two pilot DLE processing facilities.  Two DLE partners have produced battery-grade Lithium Hydroxide directly from Mandrake brine. DLE developer, Electroflow Technologies, achieved 92% conversion to lithium hydroxide with no chemical pretreatment of brine.    Rio-Tinto-backed ElectraLith successfully produced 99.9% pure battery-grade Lithium Hydroxide from Mandrake’s brines.  ",,,,"US$1 Million grant awarded by US Department of Energy (DOE) to a consortium of Mandrake, Idaho National Laboratories (INL), National Renewable Energy Laboratory (NREL) and University of Utah.  Will give Mandrake access to the foremost U.S. scientists and sophisticated U.S.-funded laboratories, plus cash to part fund forthcoming re-entry activities at oil and gas well sites.  Additional DOE applications for further funding are in process.  ",,,,,,,,,,,,,,
White Pine North,,,,"White Pine Mine is an abandoned site, in 1952 constructed by Copper Range.","In 2024 the developer initiated a second drill program of approximately 14,500 metres to collect samples for engineering study test work, in addition to assaying for the purposes of a resource update.  Key engineering trade-off studies and environmental baselining were also initiated to support permit requests.",,,,,"Located in the western region of the Upper Peninsula, Michigan, near the small communities White Pine (pop 339, 2020), Ontonagon (pop 1,285, 2020), Bergland (pop 141, 2020), Wakefield (pop 1,702, 2020), and Ironwood (pop 5,045, 2020).",,,,,,,,Highland Copper Company Inc. formed a joint venture with Kinterra Copper LLC in July 2023.,,,,,,,,,,,,,,,,,,,,,
Whitehorse Ranch,,,,,"Without an amendment to section 401 of the Steens Cooperative Management and Protection Act of 2000, the project will not be able to proceed.  In 2000 Congress withdrew from development a large swatch of land in eastern Oregon that includes the Steed Mountains, including the Alvord Desert.",The BLM determined in 2022 that the land staked by the developer was placed off limits to mining by a conservation law (the Steens Act) passed at the end of the Clinton administration (2000).,,,,"Located in the Alvord Desert in southeast Oregon near the town of Fields (pop 120, 2020); across the border in Nevada is the Lithium Americas’ Thacker Pass lithium project.",,The developer’s attempted claims were located on a volcanic field to the north of the McDermott and Thacker Pass lithium projects near the Nevada line.  The developer became intrigued due to some 1970s USGS sampling of two springs at nearby private land. ,,,,"ACME Lithium Inc. is developing two sites in southwest Nevada and two in Manitoba, Canada.",,,,,,,,,,,,,,,,,Company staked 340 placer mining claims encompassing approx. 6727 acres near the Nevada border in southeast Oregon in late March 2022,,,,,,
Willcox Playa,"
","Undetermined: Developer is researching pretreatment, concentration, extraction, purification and post-treatment of lithium to develop new extraction technologies for brine resources.",,,"In 2023-2024, the developer demonstrated through first-ever diamond drilling and clay separation that the Playa may host a top-tier lithium deposit extending from the developer’s ground through claims leased by the Defense Department. The developer’s BLM claims to the south may provide some of the most compelling targets on the property, and are a priority in the next phase of drilling.",,,,,"Located in southeast Arizona near the town of Wilcox (3,213 pop, 2020) and the Cochise Stronghold, a beautiful woodland area;  200 miles southeast of Phoenix. ",,,,,,,,,,,,,,,,,,,,,"The developer acquired 3,754 acres, mostly leased from the state of Arizona. Southern claims are BLM land.",,,,,,,,
Yerington,"Yerington and MacArthur properties, which are part of the Company's Yerington Copper Project.
","The PEA indicates that the Yerington Copper Project holds potential for phased open pit mining. These pits would feed sulfide material to a dedicated Nuton™ (Nuton) Heap Leach Facility (HLF) equipped with a 17 Mtpa crushing and agglomerating system that employs conveyors for material stacking on the HLF. Additionally, oxide material would be placed on a separate HLF near the sulfide facility, involving run-of-mine (ROM) oxide from Yerington and the residuals composed of the W-3 and VLT stockpiles. Oxide material from MacArthur would undergo sizing, conveying, agglomeration and then stacking on the oxide HLF, facilitated by a 25 Mtpa system.  Nuton technologies comprise a proprietary suite of Rio Tinto-developed copper heap leaching technologies aimed to recover primary copper sulfides. Copper recoveries from Yerington sulfide materials demonstrate an increase from below 25% to 74% for the sample tests to date, with an acid consumption calculated at 32 lb/ton. At this point in time (January 2024), the testing of Nuton technology on Yerington sulfide materials is ongoing. Preliminary results are promising. ",,,"The objective of the 2024 Yerington drilling program was to convert as much of the inferred resource as possible to the indicated resource classification so that it can be included in the prefeasibility study (""PFS""). The recently concluded drilling, together with the discovery of an additional 17 historic Anaconda holes that were not included in the January 2024 Preliminary Economic Assessment (""PEA""), are now being incorporated into an updated mineral resource as a key input into the PFS now in process.",,,,,"Near Yerington (3,048, 2020) and Weed Heights, Lyon County,  Nevada, Mason Valley, about 70 miles southeast of Reno.",,,,,,,,,,,"According to Lion Copper, the leaching process using Nuton’s methods can deliver recovery rates of 74% and eliminate the need for a concentrator, tailings impoundment, and resource-intense smelter operations.  The SXEW facilities will be located near the Nuton HLF. This technology is well-established and has a proven track record in industrial applications, resulting in the production of LME Grade A copper cathode using accepted industry reagents. The engineering and design of the SXEW facility is modular in nature, enabling shorter construction timelines and the flexibility to expand as necessary during the ramp- up phase. The initial SXEW production capacity is set at 70 million pounds per annum of copper cathode, with the capability to increase to 140 million pounds per annum through the addition of supplementary SXEW modules.",,,,,,,,,,,,,,,,,,
Zeus," 
","Mining methods need to be developed for the Zeus mineralized material, including an evaluation of use of coal-seam style scrapers to minimize mining costs. All of the lithium mineralization is hosted within clays hosted by the Esmeralda Formation.",,,"The developer has completed a total of 92 drillholes in seven phases of drilling between 2017 to 2024. The updated 2023-2024 Mineral Resource statement for the Zeus project includes the addition of 10 drillholes and their associated assay data from the Phase VII drilling program, comprehensive geological work including detailed geological mapping, review of historic drillholes and logs, review of literature regarding analogous deposits, the development of an ore deposit model and geological model to synthesize that work, and the collection of 167 density measurements as well as 32 tests of moisture content. ","In early February 2024, the developer received notification from the state that the County of Esmeralda had filed a protest against the Company’s water rights applications. The developer is engaging with the County and its advisors to resolve the concerns.  ",,,,"Halfway between Vegas and Reno, 220 miles southeast of Reno, accessed via Silver Peak, which is 7 miles west or from Tonopah, NV (pop 2,179, 2020), which is located 27 miles northeast; Esmeralda County, Nevada; perimeter of Zeus is as close as 1 mile from Albemarle’s Silver Peak. ",,,"The company was formerly known as Noram Ventures Inc. and changed its name to Noram Lithium Corp. in July 2021. The company was incorporated in 2010 and is headquartered in Vancouver, Canada",,,,,,,,,"Multi-step, on-site processing into LCE is planned.  ",,,,,,,,,,,"Developer acquired rights to the area in 2016. 146 placer claims and 136 lode claims. The land package covers 1,133 hectares (2,800 acres).",,,,,,
,,,,,,,,,,,,,,,,,,,,,,,,,,,,,,,,,,,,,,,
,,,,,,,,,,,,,,,,,,,,,,,,,,,,,,,,,,,,,,,
